ID,No.,Type,Rarity,Name,Level,Total Exp,Current Exp,Required Exp,Link,MOD,Max HP,HP,Damage,Accuracy,Evasion,Rate of Fire,Move Speed,Armor,Rounds,Crit.Damage,Skill1,Skill2,Equip1,Equip2,Equip3,Affection,Oathed,Oathed Datetime,Locked
89081046,20005,HG,????,M1895 Mod,120,30283300,-,-,x5,Mod3,360,360,41,56,115,45,15,0,0,20,10,10,M1895 Suppressor,ILM Hollow-Point Ammo,IOP X4 Exoskeleton,200,Oathed,2020-08-30 09:29,Locked
89082355,90,HG,??,FF FNP9,100,3263300,-,-,x5,,300,300,30,56,88,61,15,0,0,20,1,0,,,,100,,,Locked
89082391,20071,AR,????,Galil Mod,120,30283300,-,-,x5,Mod3,635,635,63,57,51,66,10,0,0,20,10,10,,,Galil Special Handguards,200,Oathed,2022-01-26 12:22,Locked
89082443,20029,SMG,????,STEN Mk? Mod,120,30283300,-,-,x5,Mod3,975,975,34,20,91,86,12,0,0,5,10,10,,,STEN Suppressor,200,Oathed,2021-11-08 16:37,Locked
89082583,25,SMG,??,MP40,100,3263300,-,-,x5,,925,925,31,14,61,76,12,0,0,5,1,0,,,,100,,,Locked
89083977,107,AR,??,FF F2000,100,3263300,-,-,x5,,525,525,45,47,42,81,10,0,0,20,1,0,,,,100,,,Locked
89107440,20091,HG,????,MP-446 Mod,120,30283300,-,-,x5,Mod3,340,340,36,66,92,60,15,0,0,20,10,10,MP446C Match Barrel,,,200,Oathed,2020-08-30 09:28,Locked
89108029,20002,HG,????,M1911 Mod,120,30283300,-,-,x5,Mod3,375,375,34,60,90,58,15,0,0,20,10,10,,XM261 ACP,,200,Oathed,2020-08-24 06:20,Locked
89108400,20094,SMG,????,Type64 Mod,120,30283300,-,-,x5,Mod3,905,905,33,14,81,93,12,0,0,5,10,10,,,Type 64 Exclusive Suppressor,200,Oathed,2022-01-26 12:21,Locked
89109107,10,HG,??,PPK,100,3263300,-,-,x5,,285,285,27,62,105,63,15,0,0,20,10,0,,,,100,,,Locked
89110251,27,SMG,???,Skorpion,100,3263300,-,-,x5,,795,795,26,14,88,95,12,0,0,5,10,0,,,,100,,,Locked
89112140,9,HG,??,P38,100,3263300,-,-,x5,,330,330,30,52,86,57,15,0,0,20,1,0,,,,100,,,Locked
89112364,92,SMG,??,Spectre M4,100,3263300,-,-,x5,,880,880,27,13,70,88,12,0,0,5,1,0,,,,100,,,Locked
89112894,20093,SMG,????,IDW Mod,120,30283300,-,-,x5,Mod3,770,770,32,19,106,75,12,0,0,5,1,1,,,,200,Oathed,2021-10-06 16:21,Locked
89113889,105,AR,???,OTs-12,100,3263300,-,-,x5,,525,525,45,57,57,72,10,0,0,20,1,0,,,,100,,,Locked
89251030,194,AR,?????,K2,100,3263300,-,-,x5,,635,635,55,57,47,78,10,0,0,20,10,0,,,,150,Oathed,2019-11-20 16:21,Locked
89261929,20037,RF,????,M14 Mod,120,30283300,-,-,x5,Mod3,430,430,128,86,33,44,7,0,0,40,10,10,,M2 Bipod,,200,Oathed,2020-04-11 09:57,Locked
89271572,17,SMG,??,M3,100,3263300,-,-,x5,,925,925,32,14,71,68,12,0,0,5,1,0,,,,100,,,Locked
89279150,24,SMG,??,PP-2000,100,3263300,-,-,x5,,795,795,32,12,78,80,12,0,0,5,1,0,,,,100,,,Locked
89281473,74,AR,??,SIG-510,100,3263300,-,-,x5,,580,580,59,44,39,59,10,0,0,20,1,0,,,,100,,,Locked
89281536,20101,SMG,?????,UMP9 Mod,120,30283300,-,-,x5,Mod3,905,905,34,21,97,87,12,0,0,5,10,10,,,AMP COMPSP,200,Oathed,2021-09-01 08:45,Locked
89281569,137,SMG,????,PP-19-01,100,3263300,-,-,x5,,970,970,29,14,72,85,12,0,0,5,2,0,,,,100,,,Locked
89281603,33,SMG,??,m45,100,3263300,-,-,x5,,925,925,32,13,66,74,12,0,0,5,1,0,,,,100,,,Locked
89283695,68,AR,??,L85A1,100,3263300,-,-,x5,,470,470,49,46,46,78,10,0,0,20,1,0,,,,100,,,Locked
89289929,20061,AR,????,StG44 Mod,120,30283300,-,-,x5,Mod3,650,650,67,58,44,66,10,0,0,20,10,10,,7.92 KURZ,,200,Oathed,2021-05-21 20:48,Locked
89312684,237,AR,????,SAR-21,100,3263300,-,-,x5,,580,580,47,49,40,80,10,0,0,20,1,0,,,,100,,,Locked
89401237,20063,AR,????,Gr G3 Mod,120,30283300,-,-,x5,Mod3,565,565,67,64,46,64,10,0,0,20,10,10,Gr G3 Barrel Kit,,,200,Oathed,2021-12-20 04:08,Locked
89405526,18,SMG,???,Ingram,100,3263300,-,-,x5,,880,880,30,12,72,91,12,0,0,5,1,0,,,,100,,,Locked
89407916,47,RF,??,G43,100,3263300,-,-,x5,,400,400,117,61,30,40,7,0,0,40,1,0,,,,100,,,Locked
89413427,20055,AR,?????,M4A1 Mod,120,30283300,-,-,x5,Mod3,565,565,58,58,58,80,10,0,0,20,10,10,PEQ-16A,APCR High-Velocity Ammo,Inherited Case,200,Oathed,2020-01-03 02:55,Locked
89419506,20031,SMG,????,M38 Mod,120,30283300,-,-,x5,Mod3,1085,1085,38,14,71,79,12,0,0,5,10,10,,,DO Reflex Sight,200,Oathed,2022-01-26 12:24,Locked
89421077,58,AR,???,AK-47,100,3263300,-,-,x5,,660,660,56,37,36,65,10,0,0,20,1,0,,,,100,,,Locked
89536698,20060,AR,?????,AS Val Mod,120,30283300,-,-,x5,Mod3,680,680,50,59,59,76,10,0,0,20,10,10,,SP6 Subsonic Ammo,,200,Oathed,2020-09-06 12:36,Locked
89543622,99,HG,????,Gr Mk23,100,3263300,-,-,x5,,400,400,31,56,70,63,15,0,0,20,10,0,,,,100,,,Locked
89546817,41,RF,??,SKS,100,3263300,-,-,x5,,465,465,105,62,36,34,7,0,0,40,1,0,,,,100,,,Locked
89547809,20044,RF,????,SV-98 Mod,120,30283300,-,-,x5,Mod3,430,430,148,94,34,37,7,0,0,40,10,10,,,,200,Oathed,2021-04-10 16:51,Locked
89547858,141,HG,??,Gr USPCompact,100,3263300,-,-,x5,,330,330,26,63,91,64,15,0,0,20,1,0,,,,100,,,Locked
89555110,13,HG,???,Type92,100,3263300,-,-,x5,,315,315,33,49,84,61,15,0,0,20,10,0,,,,127,Oathed,2022-06-20 20:50,Locked
89563705,8,HG,???,Makarov,100,3263300,-,-,x5,,315,315,28,65,101,61,15,0,0,20,10,0,,,,119,Oathed,2022-06-23 02:16,Locked
89583717,3,HG,???,M9,100,3263300,-,-,x5,,380,380,31,59,70,61,15,0,0,20,4,0,,,,100,,,Locked
89585934,14,HG,???,Astra,100,3263300,-,-,x5,,400,400,35,48,72,52,15,0,0,20,1,0,,,,100,,,Locked
89589000,21,SMG,??,PPSh-41,100,3263300,-,-,x5,,970,970,28,12,59,93,12,0,0,5,1,0,,,,100,,,Locked
89590098,11,HG,???,P08,100,3263300,-,-,x5,,350,350,33,49,84,55,15,0,0,20,1,0,,,,100,,,Locked
89614841,212,HG,????,K5,100,3263300,-,-,x5,,330,330,31,55,86,62,15,0,0,40,10,0,,,,100,,,Locked
89618102,16,SMG,?????,Thompson,100,3263300,-,-,x5,,1190,1190,33,13,59,82,12,0,0,5,10,0,,,,100,,,Locked
89622676,20056,AR,?????,M4 SOPMOD II Mod,120,30283300,-,-,x5,Mod3,565,565,60,59,53,79,10,0,0,30,10,10,,Dinergate RO,,200,Oathed,2020-02-15 23:27,Locked
89622988,197,RF,?????,Carcano M1891,100,3263300,-,-,x5,,400,400,152,94,47,34,7,0,0,40,10,0,,,,150,Oathed,2020-10-20 10:18,Locked
89712081,40,RF,??,SVT-38,100,3263300,-,-,x5,,420,420,116,62,36,34,7,0,0,40,1,0,,,,100,,,Locked
89713144,20051,RF,????,FF FN49 Mod,120,30283300,-,-,x5,Mod3,475,475,138,74,38,34,7,0,0,40,10,10,,,,200,Oathed,2021-11-09 12:13,Locked
89726093,235,RF,????,SPR A3G,100,3263300,-,-,x5,,435,435,137,88,33,35,7,0,0,40,1,0,,,,100,,,Locked
89748707,20065,AR,??????,416 Mod,120,30283300,-,-,x5,Mod3,620,620,64,59,55,79,10,0,0,20,10,10,EOT XPS3,APCR High-Velocity Ammo,Tactical Headwear,200,Oathed,2020-11-24 08:03,Locked
89748774,69,AR,????,Fr FAMAS,100,3263300,-,-,x5,,605,605,47,51,42,81,10,0,0,20,1,0,,,,100,,,Locked
89751837,77,MG,???,M2HB,100,3263300,-,-,x5,,1075,1075,108,19,17,100,4,0,10,5,8,0,,,,100,,,Locked
89751854,70,AR,???,FF FNC,100,3263300,-,-,x5,,550,550,57,51,41,73,10,0,0,20,10,0,,,,150,Oathed,2022-06-12 12:01,Locked
89762386,172,AR,?????,Am RFB,100,3263300,-,-,x5,,525,525,73,72,52,54,10,0,0,30,10,0,,,,100,,,Locked
89767565,82,MG,??,DP28,100,3263300,-,-,x5,,705,705,93,30,33,114,4,0,9,5,1,0,,,,100,,,Locked
89841765,48,RF,?????,WA2000,100,3263300,-,-,x5,,440,440,137,87,32,39,7,0,0,40,10,0,,,,100,,,Locked
89861472,133,AR,??,Type63,100,3263300,-,-,x5,,495,495,54,42,42,73,10,0,0,20,1,0,,,,100,,,Locked
89864770,106,AR,?????,FAL,100,3263300,-,-,x5,,660,660,63,48,42,72,10,0,0,20,10,0,,,,150,Oathed,2022-06-08 17:15,Locked
89872165,34,RF,???,M1 Garand,100,3263300,-,-,x5,,440,440,126,66,30,37,7,0,0,40,1,0,,,,100,,,Locked
89917503,100,HG,????,P7,100,3263300,-,-,x5,,315,315,34,66,88,61,15,0,0,20,10,0,,,,100,,,Locked
89918269,110,MG,??,FG42,100,3263300,-,-,x5,,745,745,92,30,35,121,4,0,8,5,1,0,,,,100,,,Locked
89919546,20124,RF,????,Super SASS Mod,120,30283300,-,-,x5,Mod3,455,455,144,84,36,40,7,0,0,40,10,10,,,,200,Oathed,2022-01-26 12:19,Locked
89920225,52,RF,??,VM59,100,3263300,-,-,x5,,485,485,110,55,27,38,7,0,0,40,1,0,,,,100,,,Locked
89920692,139,HG,??,Bren Ten,100,3263300,-,-,x5,,350,350,33,54,67,58,15,0,0,20,1,0,,,,100,,,Locked
89943253,248,HG,????,Jericho,100,3263300,-,-,x5,,380,380,33,53,68,60,15,0,0,20,1,0,,,,100,,,Locked
90006477,87,MG,??,MG34,100,3263300,-,-,x5,,825,825,90,24,27,120,4,0,10,5,1,0,,,,100,,,Locked
90006734,6,HG,???,Tokarev,100,3263300,-,-,x5,,430,430,33,50,70,52,15,0,0,20,4,0,,,,100,,,Locked
90041310,20057,AR,?????,ST AR-15 Mod,120,30283300,-,-,x5,Mod3,540,540,58,64,60,78,10,0,0,20,10,10,VFL 6-24X56,Lightweight Rail Kit,.300BLK High-Velocity Ammo,200,Oathed,2020-02-15 23:26,Locked
90062726,96,HG,?????,Grizzly,100,3263300,-,-,x5,,430,430,40,54,70,54,15,0,0,20,10,0,RMR T4 Red Dot Sight,Signal Flare,IOP T4 Exoskeleton,100,,,Locked
90121862,22,SMG,???,PPS-43,100,3263300,-,-,x5,,880,880,35,14,69,74,12,0,0,5,1,0,,,,100,,,Locked
90225765,20081,MG,????,LWMMG Mod,120,30283300,-,-,x5,Mod3,890,890,119,32,28,92,4,0,10,5,10,10,Mk1000 SLAP,MGO 6X48,IOP Maximum Ammo Box,200,Oathed,2021-03-12 09:17,Locked
90238659,20012,HG,????,C96 Mod,120,30283300,-,-,x5,Mod3,425,425,37,60,82,64,15,0,0,20,10,10,C96 Oak Stock,,,200,Oathed,2022-01-26 12:26,Locked
90244940,20026,SMG,?????,Gr MP5 Mod,120,30283300,-,-,x5,Mod3,905,905,37,17,82,90,12,0,0,5,10,10,GSG UX Exoskeleton,,LED Weapon Light,200,Oathed,2020-11-24 08:01,Locked
90259250,80,MG,???,M1919A4,100,3263300,-,-,x5,,910,910,106,29,25,99,4,0,9,5,10,0,,Special Steel Buttstock,,150,Oathed,2022-06-04 14:35,Locked
90361470,20032,SMG,????,Micro Uzi Mod,120,30283300,-,-,x5,Mod3,885,885,30,15,96,104,12,0,0,5,10,10,,,MPL M21,200,Oathed,2020-07-29 02:03,Locked
90517920,118,AR,????,9A-91,100,3263300,-,-,x5,,580,580,45,52,53,78,10,0,0,20,10,0,,,,127,Oathed,2022-06-20 20:55,Locked
90590113,20103,SMG,?????,UMP45 Mod,120,30283300,-,-,x5,Mod3,975,975,34,17,89,83,12,0,0,5,10,10,IOP T4 Exoskeleton,,Additional Computing Module,200,Oathed,2021-04-25 12:17,Locked
90605914,20075,MG,?????,M1918 Mod,120,30283300,-,-,x5,Mod3,805,805,117,40,40,115,4,0,8,5,10,10,M1022 Sniper Rounds,VFL 6-24X56,IOP Maximum Ammo Box,200,Oathed,2021-01-18 18:48,Locked
90629715,54,AR,????,M16A1,100,3263300,-,-,x5,,605,605,52,51,49,75,10,0,0,20,10,0,,,,150,Oathed,2022-03-10 21:33,Locked
90739536,42,RF,????,PTRD,100,3263300,-,-,x5,,465,465,167,79,31,28,7,0,0,40,1,0,,,,100,,,Locked
90811651,189,SG,????,USAS-12,100,3263300,-,-,x5,,1300,1300,31,12,11,37,6,22,5,40,10,0,,,,100,,,Locked
90903705,216,AR,????,XM8,100,3263300,-,-,x5,,540,540,51,49,45,79,10,0,0,20,1,0,,,,100,,,Locked
90933495,20154,SG,????,M500 Mod,120,30283300,-,-,x5,Mod3,1355,1355,35,13,12,30,6,22,4,40,10,10,,,,100,,,Locked
90970299,20001,HG,?????,SAA Mod,120,30283300,-,-,x5,Mod3,415,415,43,59,92,50,15,0,0,20,10,10,,,,200,Oathed,2019-11-20 05:32,Locked
91011140,43,RF,????,SVD,100,3263300,-,-,x5,,400,400,137,84,35,37,7,0,0,40,8,0,,,,100,,,Locked
91051767,78,MG,????,M60,100,3263300,-,-,x5,,910,910,97,28,28,111,4,0,9,5,1,0,,,,100,,,Locked
91284337,162,SG,????,SPAS-12,100,3263300,-,-,x5,,1375,1375,37,13,10,32,6,21,4,40,10,0,,,,150,Oathed,2022-06-12 11:53,Locked
91329654,36,RF,????,Springfield,100,3263300,-,-,x5,,420,420,135,76,42,32,7,0,0,40,8,0,,,,100,,,Locked
91391114,20039,RF,?????,Mosin-Nagant Mod,120,30283300,-,-,x5,Mod3,455,455,157,103,46,31,7,0,0,40,10,10,Mk211 High-Explosive Armor-Piercing Ammo,K6-24X56,Hayha Memory Chip,200,Oathed,2020-11-10 17:21,Locked
91791309,109,MG,?????,Gr MG5,100,3263300,-,-,x5,,990,990,90,29,29,120,4,0,11,5,10,0,,,,100,,,Locked
92121053,220,HG,???,MP-443,100,3263300,-,-,x5,,350,350,35,56,75,59,15,0,0,20,1,0,,,,100,,,Locked
92126273,86,MG,???,MG42,100,3263300,-,-,x5,,825,825,97,25,28,132,4,0,10,5,1,0,,,,100,,,Locked
92140922,111,MG,??,AAT-52,100,3263300,-,-,x5,,910,910,83,26,24,118,4,0,10,5,1,0,,,,100,,,Locked
92144145,202,HG,????,Thunder,100,3263300,-,-,x5,,430,430,49,60,63,37,15,0,0,40,10,0,,,,100,,,Locked
92332800,204,RF,?????,Ballista,100,3263300,-,-,x5,,410,410,146,97,37,36,7,0,0,40,10,0,,,,100,,,Locked
92738349,20097,HG,??????,M950A Mod,120,30283300,-,-,x5,Mod3,400,400,38,66,89,72,15,0,0,20,10,10,,,,200,Oathed,2020-08-19 17:24,Locked
92849952,165,SG,????,M1014,100,3263300,-,-,x5,,1375,1375,33,13,12,32,6,21,4,40,10,0,,,,100,,,Locked
92997359,49,RF,???,Type56R,100,3263300,-,-,x5,,465,465,109,69,38,36,7,0,0,40,10,0,,,,100,,,Locked
93013492,148,RF,?????,IWS 2000,100,3263300,-,-,x5,,440,440,171,82,31,32,7,0,0,40,10,0,,,,100,,,Locked
93016075,66,AR,????,Type56-1,100,3263300,-,-,x5,,690,690,56,37,37,69,10,0,0,20,1,0,,,,100,,,Locked
93671925,130,AR,?????,Type97,100,3263300,-,-,x5,,580,580,57,54,49,72,10,0,0,20,10,0,,,,100,,,Locked
93916285,215,AR,?????,MDR,100,3263300,-,-,x5,,595,595,59,53,44,76,10,0,0,20,10,0,,,,100,,,Locked
93917082,20161,SG,?????,Type97S Mod,120,30283300,-,-,x5,Mod3,1355,1355,43,15,17,28,6,22,3,40,10,10,Tactical Riot Shield,,,200,Oathed,2022-01-25 16:45,Locked
94043139,113,HG,???,Serdyukov,100,3263300,-,-,x5,,350,350,35,61,72,59,15,0,0,20,4,0,Tactical Rails,,,127,Oathed,2022-06-20 20:48,Locked
94084588,176,SMG,???,TMP,100,3263300,-,-,x5,,750,750,30,15,81,93,12,0,0,5,2,0,,,,100,,,Locked
94119481,102,SMG,????,UMP40,100,3263300,-,-,x5,,900,900,29,15,79,85,12,0,0,5,4,0,,,,100,,,Locked
94311198,201,RF,???,Gepard M1,100,3263300,-,-,x5,,440,440,151,81,30,30,7,0,0,40,2,0,,,,100,,,Locked
94471641,191,SMG,???,M12,100,3263300,-,-,x5,,1015,1015,28,16,68,76,12,0,0,5,1,0,,,,100,,,Locked
94712307,182,RF,???,wz.29,100,3263300,-,-,x5,,485,485,119,69,35,32,7,0,0,40,1,0,,,,100,,,Locked
94714349,207,AR,????,CZ2000,100,3263300,-,-,x5,,550,550,51,47,49,78,10,0,0,20,1,0,,,,100,,,Locked
94919945,181,AR,?????,T91,100,3263300,-,-,x5,,620,620,54,47,49,76,10,0,0,20,1,0,,,,100,,,Locked
95155182,20122,AR,??????,Gr G11 Mod,119,26460600,2177300,3822700,x5,Mod3,620,620,51,51,47,97,10,0,0,20,10,1,VFL 6-24X56,16Lab High-Velocity Ammo,G-box,100,,,Locked
95214253,205,AR,?????,AN-94,100,3263300,-,-,x5,,580,580,61,74,53,76,10,0,0,20,10,0,VFL 6-24X56,APCR High-Velocity Ammo,#2 Processor,150,Oathed,2022-03-10 21:27,Locked
95271954,72,AR,????,TAR-21,100,3263300,-,-,x5,,525,525,52,51,47,79,10,0,0,20,1,0,,,,100,,,Locked
95535795,206,AR,?????,AK-12,100,3263300,-,-,x5,,550,550,62,69,58,78,10,0,0,20,10,0,,,,150,Oathed,2022-03-10 21:28,Locked
95924334,20143,SMG,??????,RO635 Mod,120,30283300,-,-,x5,Mod3,1040,1040,34,18,89,97,12,0,0,5,10,10,Beloved Dangle,Signal Flare,AC4 Suppressor,200,Oathed,2021-03-07 22:38,Locked
96721836,236,AR,?????,K11,100,3263300,-,-,x5,,675,675,59,60,41,76,10,0,0,20,10,0,,,,150,Oathed,2022-03-17 11:49,Locked
96830960,208,MG,?????,HMG21,100,3263300,-,-,x5,,845,845,97,31,35,135,4,0,10,5,10,0,,,,100,,,Locked
97587207,184,RF,????,T-5000,100,3263300,-,-,x5,,450,450,133,90,30,36,7,0,0,40,1,0,,,,100,,,Locked
98267171,20053,RF,??????,NTW-20 Mod,120,30283300,-,-,x5,Mod3,475,475,196,95,36,32,7,0,0,40,10,10,20mm HEI,VFL 6-24X56,Thermoptic Camouflage Cape,200,Oathed,2020-06-17 23:48,Locked
98614997,46,RF,?????,Kar98k,100,3263300,-,-,x5,,420,420,142,82,44,34,7,0,0,40,10,0,,,,100,,,Locked
98922918,195,MG,???,Gr MG23,100,3263300,-,-,x5,,745,745,84,36,36,135,4,0,9,5,1,0,,,,100,,,Locked
99163156,129,AR,?????,Type95,100,3263300,-,-,x5,,580,580,58,55,49,71,10,0,0,20,10,0,,,,100,,,Locked
99163986,20089,MG,????,Bren Mod,120,30283300,-,-,x5,Mod3,890,890,112,40,34,103,4,0,8,5,10,10,,Bren L4 Barrel Kit,,200,Oathed,2022-01-26 12:21,Locked
99164341,213,SMG,?????,C-MS,100,3263300,-,-,x5,,925,925,36,17,83,87,12,0,0,5,10,0,IOP T4 Exoskeleton,,AC4 Suppressor,150,Oathed,2020-04-03 14:38,Locked
99470877,159,SG,???,RMB-93,100,3263300,-,-,x5,,1210,1210,32,12,14,28,6,22,4,40,10,0,,,,100,,,Locked
99755373,209,SMG,???,OTs-39,100,3263300,-,-,x5,,950,950,29,15,76,74,12,0,0,5,10,0,,,,127,Oathed,2022-06-20 20:51,Locked
99924909,257,RF,?????,M200,100,3263300,-,-,x5,,440,440,153,101,33,34,7,0,0,40,10,0,,,,100,,,Locked
100126932,150,SMG,????,Shipka,100,3263300,-,-,x5,,840,840,26,15,83,95,12,0,0,5,1,0,,,,100,,,Locked
101458173,88,MG,????,MG3,100,3263300,-,-,x5,,990,990,94,29,24,130,4,0,10,5,10,0,,,Infinite Ammo Box,150,Oathed,2022-05-18 12:09,Locked
104843415,168,HG,????,Spitfire,100,3263300,-,-,x5,,350,350,35,63,75,59,15,0,0,20,10,0,,,,127,Oathed,2022-06-20 20:49,Locked
105328391,123,HG,???,P99,100,3263300,-,-,x5,,300,300,33,59,92,61,15,0,0,20,1,0,,,,100,,,Locked
105416005,50,RF,?????,Lee Enfield,100,3263300,-,-,x5,,400,400,142,82,42,36,7,0,0,40,10,0,Mk211 High-Explosive Armor-Piercing Ammo,No32 MKI,Thermoptic Camouflage Cape,100,,,Locked
105450598,233,HG,?????,Px4 Storm,100,3263300,-,-,x5,,340,340,37,73,98,57,15,0,0,20,10,0,,,,100,,,Locked
105525956,247,RF,????,K31,100,3263300,-,-,x5,,390,390,133,82,39,39,7,0,0,40,1,0,,,,100,,,Locked
105700415,20095,RF,????,Type88 Mod,120,30283300,-,-,x5,Mod3,520,520,136,80,45,37,7,0,0,40,10,10,Magnetic Accelerated Rounds,Acceleration Coil,Thermoptic Camouflage Cape,200,Oathed,2020-11-24 08:02,Locked
106392321,104,SMG,?????,Gr G36c,100,3263300,-,-,x5,,1015,1015,36,15,72,83,12,0,0,5,10,0,,,,150,Oathed,2022-02-01 00:43,Locked
106879231,145,RF,???,OTs-44,100,3263300,-,-,x5,,400,400,165,71,34,32,7,0,0,40,1,0,,,,100,,,Locked
106966260,217,RF,???,SM-1,100,3263300,-,-,x5,,405,405,100,83,42,40,7,0,0,40,1,0,,,,100,,,Locked
107239089,228,SMG,?????,100 Shiki,100,3263300,-,-,x5,,1060,1060,31,15,71,76,12,0,0,5,10,0,,,,100,,,Locked
107540418,225,SMG,????,Cx4 Storm,100,3263300,-,-,x5,,900,900,36,17,78,64,12,0,0,5,1,0,,,,100,,,Locked
107776263,239,AR,???,Type03,100,3263300,-,-,x5,,580,580,54,50,41,71,10,0,0,20,1,0,,,,100,,,Locked
108796051,163,SG,?????,AA-12,100,3263300,-,-,x5,,1345,1345,33,14,13,39,6,22,5,40,10,0,,FRAG-12 High Explosive Rounds,,150,Oathed,2022-06-03 02:05,Locked
108970810,23,SMG,????,PP-90,100,3263300,-,-,x5,,795,795,27,14,91,96,12,0,0,5,2,0,,,,100,,,Locked
109024420,59,SMG,?????,AK-74U,100,3263300,-,-,x5,,970,970,37,14,71,83,12,0,0,5,4,0,,,,100,,,Locked
109229987,226,RF,????,Mk 12,100,3263300,-,-,x5,,405,405,107,87,34,46,7,0,0,40,1,0,,,,100,,,Locked
109231875,231,RF,?????,M82A1,100,3263300,-,-,x5,,440,440,166,81,32,34,7,0,0,40,10,0,,,,100,,,Locked
110127257,96,HG,?????,Grizzly,100,3263300,-,-,x5,,430,430,42,57,73,54,15,0,0,20,10,0,AC4 Suppressor,Signal Flare,MkV Mobility Skeleton,150,Oathed,2022-02-07 00:53,Locked
110170399,178,SMG,???,F1,100,3263300,-,-,x5,,1060,1060,28,15,63,79,12,0,0,5,1,0,,,,100,,,Locked
111619451,243,AR,?????,64 Shiki,100,3263300,-,-,x5,,625,625,74,69,48,63,10,0,0,20,10,0,,,,150,Oathed,2022-03-12 13:32,Locked
111977698,4,HG,?????,Python,100,3263300,-,-,x5,,350,350,44,90,91,49,15,0,0,40,10,0,RMR T4 Red Dot Sight,16Lab Hollow-Point,IOP X4 Exoskeleton,150,Oathed,2020-10-20 10:19,Locked
111991517,229,SG,?????,M870,100,3263300,-,-,x5,,1320,1320,37,15,14,29,6,23,4,40,10,0,,,,150,Oathed,2022-06-03 02:06,Locked
112026733,175,AR,?????,ART556,100,3263300,-,-,x5,,580,580,56,56,52,69,10,0,0,20,10,0,,,,100,,,Locked
112144757,20064,AR,?????,Gr G36 Mod,120,30283300,-,-,x5,Mod3,650,650,59,56,52,76,10,0,0,20,10,10,Gr G36 Hybrid Sight,,,200,Oathed,2021-05-04 09:50,Locked
112344192,198,RF,?????,Carcano M91/38,100,3263300,-,-,x5,,365,365,154,95,47,34,7,0,0,40,10,0,,,,100,,,Locked
112375832,119,AR,?????,OTs-14,100,3263300,-,-,x5,,550,550,52,57,57,75,10,0,0,20,10,0,PEQ-16A,APCR High-Velocity Ammo,#2 Processor,100,,,Locked
113016113,62,AR,?????,Gr G41,100,3263300,-,-,x5,,635,635,55,53,44,77,10,0,0,20,10,0,,,,150,Oathed,2020-05-30 14:23,Locked
113698155,256,RF,???,Falcon,100,3263300,-,-,x5,,440,440,147,75,30,32,7,0,0,40,1,0,,,,100,,,Locked
113988005,35,RF,???,M1A1,100,3263300,-,-,x5,,420,420,100,81,45,38,7,0,0,40,1,0,,,,100,,,Locked
114056562,20,SMG,?????,Vector,100,3263300,-,-,x5,,925,925,32,12,75,101,12,0,0,5,10,0,,,,100,,,Locked
114121707,218,SMG,???,T77,100,3263300,-,-,x5,,925,925,26,12,73,92,12,0,0,5,1,0,,,,100,,,Locked
114121873,270,RF,????,4 Shiki,100,3263300,-,-,x5,,420,420,118,78,39,39,7,0,0,40,10,0,,,,100,,,Locked
114289944,245,SMG,?????,P90,100,3263300,-,-,x5,,950,950,32,16,88,93,12,0,0,5,10,0,,,,100,,,Locked
114317668,142,HG,?????,Five-seven,100,3263300,-,-,x5,,315,315,35,63,107,66,15,0,0,20,10,0,AC4 Suppressor,Signal Flare,IOP T4 Exoskeleton,150,Oathed,2022-02-07 00:51,Locked
114365267,142,HG,?????,Five-seven,70,705000,0,0,x4,,216,216,27,45,75,59,15,0,0,20,1,0,,,,100,,,Locked
114365769,142,HG,?????,Five-seven,100,3263300,-,-,x5,,315,315,33,60,102,66,15,0,0,20,10,0,,,,100,,,Locked
114472171,142,HG,?????,Five-seven,70,705000,0,0,x4,,216,216,27,45,75,59,15,0,0,20,1,0,,,,100,,,Locked
115700135,200,RF,????,XM3,100,3263300,-,-,x5,,410,410,137,95,34,35,7,0,0,40,10,0,,,,100,,,Locked
115711087,142,HG,?????,Five-seven,70,705000,0,0,x4,,216,216,27,45,75,59,15,0,0,20,1,0,,,,100,,,Locked
115867258,257,RF,?????,M200,100,3263300,-,-,x5,,440,440,153,101,33,34,7,0,0,40,10,0,,,,100,,,Locked
116182001,179,RF,?????,Gd DSR-50,100,3263300,-,-,x5,,410,410,172,92,35,31,7,0,0,40,10,0,,,,100,,,Locked
116259223,85,MG,????,PK,100,3263300,-,-,x5,,950,950,101,23,25,84,4,0,11,5,10,0,,,,100,,,Locked
116296812,135,SMG,?????,SR-3MP,100,3263300,-,-,x5,,970,970,35,14,74,90,12,0,0,5,10,0,,,,150,Oathed,2020-04-20 20:04,Locked
116383794,20007,HG,?????,Stechkin Mod,120,30283300,-,-,x5,Mod3,425,425,37,59,80,66,15,0,0,20,10,10,,,,200,Oathed,2021-04-08 21:04,Locked
116385493,142,HG,?????,Five-seven,100,3263300,-,-,x5,,315,315,33,60,102,66,15,0,0,20,10,0,,,,100,,,Locked
116528350,142,HG,?????,Five-seven,100,3263300,-,-,x5,,315,315,33,60,102,66,15,0,0,20,5,0,,,,100,,,Locked
116541281,142,HG,?????,Five-seven,100,3263300,-,-,x5,,315,315,33,60,102,66,15,0,0,20,4,0,,,,100,,,Locked
116668277,142,HG,?????,Five-seven,70,705000,0,0,x4,,216,216,27,45,75,59,15,0,0,20,1,0,,,,100,,,Locked
116715748,192,RF,?????,JS05,100,3263300,-,-,x5,,450,450,166,93,34,31,7,0,0,40,4,0,,,,100,,,Locked
116728030,98,HG,????,SPP-1,100,3263300,-,-,x5,,380,380,37,65,79,48,15,0,0,20,1,0,,,,100,,,Locked
116841218,177,SMG,????,KLIN,100,3263300,-,-,x5,,950,950,27,12,78,95,12,0,0,5,1,0,,,,100,,,Locked
117346357,223,AR,???,Model L,100,3263300,-,-,x5,,550,550,55,50,46,73,10,0,0,20,10,0,,,,150,Oathed,2022-05-28 12:20,Locked
117380498,234,SMG,?????,JS 9,100,3263300,-,-,x5,,900,900,30,17,95,89,12,0,0,5,10,0,,,,150,Oathed,2020-12-16 19:22,Locked
117778468,116,SMG,???,Z-62,100,3263300,-,-,x5,,840,840,30,16,81,77,12,0,0,5,4,0,,,,100,,,Locked
117850768,241,RF,???,RT-20,100,3263300,-,-,x5,,450,450,166,82,30,27,7,0,0,40,1,0,,,,100,,,Locked
117850860,157,SG,?????,Am KSG,100,3263300,-,-,x5,,1265,1265,32,15,14,30,6,24,5,40,10,0,,,,150,Oathed,2022-06-08 17:14,Locked
117852540,97,HG,?????,M950A,100,3263300,-,-,x5,,380,380,32,58,72,72,15,0,0,20,10,0,,,,100,,,Locked
117853003,269,HG,????,Gr P30,100,3263300,-,-,x5,,350,350,34,66,90,55,15,0,0,20,1,0,,,,100,,,Locked
119237881,171,AR,????,Ribeyrolles,100,3263300,-,-,x5,,550,550,71,49,44,63,10,0,0,20,10,0,,,,150,Oathed,2022-03-10 21:25,Locked
119492222,1010,HG,?????,El Fail,100,3263300,-,-,x5,,330,330,33,66,93,61,15,0,0,20,10,0,,,,100,,,Locked
120756243,1009,HG,?????,El Clear,100,3263300,-,-,x5,,330,330,33,66,93,61,15,0,0,20,10,0,Glorylight,Signal Flare,IOP T4 Exoskeleton,100,,,Locked
121148997,149,MG,????,AEK-999,100,3263300,-,-,x5,,825,825,94,31,30,120,4,0,10,5,1,0,,,,100,,,Locked
121149243,238,MG,?????,QJY-88,100,3263300,-,-,x5,,825,825,95,37,39,126,4,0,10,5,10,0,Mk1000 SLAP,VFL 6-24X56,IOP Maximum Ammo Box,150,Oathed,2022-06-08 17:11,Locked
121149379,185,MG,????,Ameli,100,3263300,-,-,x5,,705,705,88,40,45,149,4,0,8,5,8,0,,,,100,,,Locked
121149752,125,MG,?????,Gr MG4,100,3263300,-,-,x5,,910,910,93,38,38,139,4,0,9,5,10,0,,,,150,Oathed,2022-05-26 09:14,Locked
121149836,115,SMG,?????,Suomi,100,3263300,-,-,x5,,1100,1100,31,17,62,93,12,0,0,5,10,0,,,,150,Oathed,2022-05-18 12:01,Locked
121173906,173,MG,?????,PKP,100,3263300,-,-,x5,,825,825,105,35,32,127,4,0,10,5,10,0,M1022 Sniper Rounds,VFL 6-24X56,IOP Maximum Ammo Box,150,Oathed,2021-05-18 20:05,Locked
121174258,126,HG,?????,NZ75,100,3263300,-,-,x5,,365,365,35,66,78,63,15,0,0,20,10,0,,,,100,,,Locked
121180382,196,AR,?????,Zas M21,100,3263300,-,-,x1,,121,121,58,51,44,74,10,0,0,20,1,0,,,,100,,,Locked
121180684,214,AR,?????,ADS,100,3263300,-,-,x5,,605,605,53,57,48,78,10,0,0,20,10,0,,,,100,,,Locked
121180992,196,AR,?????,Zas M21,100,3263300,-,-,x1,,121,121,58,51,44,74,10,0,0,20,1,0,,,,100,,,Locked
121204845,233,HG,?????,Px4 Storm,100,3263300,-,-,x5,,340,340,37,73,98,57,15,0,0,20,10,0,,,,100,,,Locked
121273278,99,HG,????,Gr Mk23,100,3263300,-,-,x5,,400,400,31,56,70,63,15,0,0,20,10,0,,,,100,,,Locked
121273575,114,HG,?????,Welrod Mk?,100,3263300,-,-,x5,,400,400,30,75,95,52,15,0,0,40,10,0,,,,100,,,Locked
121336174,188,SG,?????,S.A.T.8,100,3263300,-,-,x5,,1410,1410,32,15,14,33,6,22,4,40,10,0,,,,150,Oathed,2022-05-31 18:08,Locked
121340384,261,RF,?????,QBU-88,100,3263300,-,-,x5,,420,420,133,92,44,42,7,0,0,40,10,0,,,,100,,,Locked
121581048,212,HG,????,K5,100,3263300,-,-,x5,,330,330,31,55,86,62,15,0,0,40,1,0,,,,100,,,Locked
123047157,151,SG,?????,M1887,100,3263300,-,-,x5,,1375,1375,41,13,13,22,6,22,4,40,10,0,,,,100,,,Locked
123050147,211,RF,?????,SRS,100,3263300,-,-,x5,,435,435,142,87,37,35,7,0,0,40,10,0,,,,100,,,Locked
123265556,222,RF,?????,TAC-50,100,3263300,-,-,x5,,435,435,163,88,33,32,7,0,0,40,10,0,,,,100,,,Locked
123350019,266,RF,?????,R93,100,3263300,-,-,x5,,405,405,147,107,38,39,7,0,0,40,10,0,,VFL 6-24X56,Thermoptic Camouflage Cape,150,Oathed,2020-10-20 10:20,Locked
123780088,232,HG,???,MP-448,100,3263300,-,-,x5,,320,320,28,66,104,60,15,0,0,20,1,0,,,,100,,,Locked
123997765,227,AR,????,A-91,100,3263300,-,-,x5,,565,565,55,53,39,75,10,0,0,20,1,0,,,,100,,,Locked
124594489,20136,SMG,?????,PP-19 Mod,120,30283300,-,-,x5,Mod3,950,950,33,17,92,91,12,0,0,5,10,10,,,PT-3 Stock,200,Oathed,2021-11-25 14:31,Locked
125771369,183,HG,?????,Contender,100,3263300,-,-,x5,,330,330,51,94,91,44,15,0,0,40,10,0,,,,150,Oathed,2021-05-18 19:41,Locked
125855656,103,SMG,????,UMP45,100,3263300,-,-,x5,,925,925,30,14,78,82,12,0,0,5,1,0,,,,100,,,Locked
127297851,199,MG,????,Type80,100,3263300,-,-,x5,,870,870,98,28,26,118,4,0,10,5,10,0,,,,100,,,Locked
127893371,244,HG,???,TEC-9,100,3263300,-,-,x5,,415,415,30,49,67,63,15,0,0,20,1,0,,,,100,,,Locked
128055385,255,RF,???,Scout,100,3263300,-,-,x5,,450,450,120,82,37,35,7,0,0,40,1,0,,,,100,,,Locked
128650011,260,HG,?????,PA-15,100,3263300,-,-,x5,,350,350,39,72,84,64,15,0,0,20,10,0,AC4 Suppressor,ILM Hollow-Point Ammo,IOP T4 Exoskeleton,150,Oathed,2022-05-05 02:07,Locked
129876330,99,HG,????,Gr Mk23,100,3263300,-,-,x5,,400,400,31,56,70,63,15,0,0,20,4,0,,,,100,,,Locked
130347866,252,RF,????,KSVK,70,705000,0,0,x4,,300,300,133,60,24,28,7,0,0,40,4,0,,,,100,,,Locked
130415829,242,HG,?????,P22,100,3263300,-,-,x5,,350,350,31,73,121,62,15,0,0,20,10,0,AC4 Suppressor,Signal Flare,IOP T4 Exoskeleton,150,Oathed,2020-12-21 23:33,Locked
130522360,250,HG,?????,HS2000,100,3263300,-,-,x5,,360,360,35,65,92,62,15,0,0,20,10,0,RMR T4 Red Dot Sight,ILM Hollow-Point Ammo,IOP X4 Exoskeleton,100,,,Locked
130686429,164,SG,?????,FP-6,100,3263300,-,-,x5,,1300,1300,35,15,14,28,6,24,4,40,10,0,,,,150,Oathed,2022-05-28 12:21,Locked
130732108,253,MG,?????,Lewis,100,3263300,-,-,x5,,950,950,113,35,35,116,4,0,10,5,10,0,,,,150,Oathed,2022-05-18 12:12,Locked
130734035,230,RF,???,OBR,100,3263300,-,-,x5,,405,405,123,84,34,37,7,0,0,40,1,0,,,,100,,,Locked
130767352,73,AR,?????,AUG,100,3263300,-,-,x5,,605,605,61,63,51,75,10,0,0,30,10,0,,,,150,Oathed,2022-03-12 13:28,Locked
130898923,242,HG,?????,P22,100,3263300,-,-,x5,,350,350,30,70,116,62,15,0,0,20,10,0,AC4 Suppressor,Signal Flare,IOP T4 Exoskeleton,100,,,Locked
130913655,242,HG,?????,P22,100,3263300,-,-,x5,,350,350,31,73,121,62,15,0,0,20,10,0,AC4 Suppressor,Signal Flare,IOP T4 Exoskeleton,150,Oathed,2022-02-07 00:51,Locked
130954341,242,HG,?????,P22,100,3263300,-,-,x5,,350,350,30,70,116,62,15,0,0,20,10,0,,,,100,,,Locked
131066041,251,SMG,?????,X95,100,3263300,-,-,x5,,970,970,36,14,71,90,12,0,0,5,10,0,,,,100,,,Locked
131243147,160,SG,?????,Saiga-12,100,3263300,-,-,x5,,1320,1320,32,14,13,35,6,23,5,40,10,0,,,,150,Oathed,2022-06-08 17:12,Locked
131465399,1,HG,????,SAA,100,3263300,-,-,x5,,400,400,38,52,80,47,15,0,0,20,5,0,,,,100,,,Locked
131740652,250,HG,?????,HS2000,70,705000,0,0,x4,,244,244,29,48,68,56,15,0,0,20,4,0,,,,100,,,Locked
132149792,250,HG,?????,HS2000,100,3263300,-,-,x5,,360,360,35,65,92,62,15,0,0,20,10,0,,,,100,,,Locked
132163007,7,HG,????,Stechkin,100,3263300,-,-,x5,,415,415,30,47,70,65,15,0,0,20,4,0,Stechkin Buttstock,ILM Hollow-Point Ammo,Tactical Thunderbolt Ahoge,100,,,Locked
132163029,20097,HG,??????,M950A Mod,115,10083300,-,-,x5,Mod2,400,400,34,60,80,72,15,0,0,20,10,8,WML & Tactical Handguard,Signal Flare,IOP T4 Exoskeleton,100,,,Locked
132163173,233,HG,?????,Px4 Storm,70,705000,0,0,x4,,232,232,30,54,73,51,15,0,0,20,4,0,,,,100,,,Locked
132466426,258,AR,???,Magal,100,3263300,-,-,x5,,580,580,50,50,46,70,10,0,0,20,1,0,,,,100,,,Locked
132613878,250,HG,?????,HS2000,100,3263300,-,-,x5,,360,360,35,65,92,62,15,0,0,20,10,0,,,,100,,,Locked
133256418,242,HG,?????,P22,100,3263300,-,-,x5,,350,350,31,73,121,62,15,0,0,20,10,0,,,,150,Oathed,2022-02-18 14:41,Locked
133436710,265,AR,???,Gr HK33,100,3263300,-,-,x5,,525,525,52,54,49,73,10,0,0,20,1,0,,,,100,,,Locked
133470434,242,HG,?????,P22,100,3263300,-,-,x5,,350,350,30,70,116,62,15,0,0,20,10,0,,,,100,,,Locked
133856872,250,HG,?????,HS2000,70,705000,0,0,x4,,244,244,29,48,68,56,15,0,0,20,5,0,,,,100,,,Locked
134051585,242,HG,?????,P22,100,3263300,-,-,x5,,350,350,30,70,116,62,15,0,0,20,10,0,,,,100,,,Locked
135596674,140,HG,???,PSM,100,3263300,-,-,x5,,285,285,26,71,118,65,15,0,0,20,1,0,,,,100,,,Locked
136546680,267,SMG,???,MP41,100,3263300,-,-,x5,,970,970,32,14,63,77,12,0,0,5,1,0,,,,100,,,Locked
136560266,4,HG,?????,Python,100,3263300,-,-,x5,,350,350,42,86,87,49,15,0,0,40,10,0,RMR T4 Red Dot Sight,ILM Hollow-Point Ammo,IOP X4 Exoskeleton,100,,,Locked
136749946,262,AR,????,EM-2,100,3263300,-,-,x5,,595,595,60,51,51,61,10,0,0,20,10,0,,,,100,,,Locked
137314974,158,SG,???,KS-23,100,3263300,-,-,x5,,1375,1375,42,10,11,25,6,21,3,40,4,0,,,,100,,,Locked
138219287,135,SMG,?????,SR-3MP,91,2153634,0,0,x5,,925,925,32,12,66,88,12,0,0,5,4,0,,,,100,,,Locked
139371535,180,RF,????,PzB39,100,3263300,-,-,x5,,420,420,156,75,33,32,7,0,0,40,1,0,,,,100,,,Locked
139570438,277,HG,???,Gr VP70,100,3263300,-,-,x5,,330,330,33,57,79,60,15,0,0,20,1,0,,,,100,,,Locked
139773207,286,SMG,????,K-PDW,100,3263300,-,-,x5,,900,900,37,16,79,81,12,0,0,5,10,0,,,,150,Oathed,2022-06-12 11:58,Locked
139827903,196,AR,?????,Zas M21,100,3263300,-,-,x5,,605,605,58,51,44,74,10,0,0,20,4,0,,,,100,,,Locked
140092305,20095,RF,????,Type88 Mod,120,30283300,-,-,x5,Mod3,520,520,136,80,45,37,7,0,0,40,10,10,Magnetic Accelerated Rounds,Acceleration Coil,Thermoptic Camouflage Cape,200,Oathed,2021-07-05 11:16,Locked
140763500,197,RF,?????,Carcano M1891,100,3263300,-,-,x5,,400,400,145,90,45,34,7,0,0,40,10,0,,,,100,,,Locked
140763679,128,RF,?????,M99,100,3263300,-,-,x5,,440,440,165,86,34,32,7,0,0,40,10,0,,,,100,,,Locked
140763718,20122,AR,??????,Gr G11 Mod,115,10083300,0,0,x5,Mod3,620,620,50,50,47,97,10,0,0,20,10,10,,,G-box,100,,,Locked
140763906,245,SMG,?????,P90,70,705000,0,0,x4,,648,648,27,12,65,84,12,0,0,5,1,0,,,,100,,,Locked
140764298,97,HG,?????,M950A,70,705000,0,0,x4,,260,260,26,44,54,65,15,0,0,20,4,0,,,,100,,,Locked
140764344,233,HG,?????,Px4 Storm,77,1089875,0,0,x4,,240,240,32,58,78,52,15,0,0,20,1,0,,,,100,,,Locked
140764628,20122,AR,??????,Gr G11 Mod,120,30283300,-,-,x5,Mod3,620,620,56,56,51,97,10,0,0,20,10,10,PEQ-16A,16Lab High-Velocity Ammo,G-box,200,Oathed,2022-01-25 08:56,Locked
140922304,198,RF,?????,Carcano M91/38,100,3263300,-,-,x5,,365,365,154,95,47,34,7,0,0,40,10,0,,,,100,,,Locked
141048787,268,RF,???,T-CMS,100,3263300,-,-,x5,,440,440,126,79,29,37,7,0,0,40,1,0,,,,100,,,Locked
141492173,127,SMG,?????,Type79,100,3263300,-,-,x5,,970,970,34,13,74,88,12,0,0,5,10,0,,,,100,,,Locked
141617650,288,AR,????,CR-21,100,3263300,-,-,x5,,550,550,51,55,46,81,10,0,0,20,8,0,,,,100,,,Locked
142690855,1027,AR,?????,Angelica,100,3263300,-,-,x5,,605,605,58,60,49,75,10,0,0,30,10,0,,,,100,,,Locked
142830514,1024,RF,?????,Rico,100,3263300,-,-,x5,,400,400,143,88,37,37,7,0,0,40,10,0,,VFL 6-24X56,Duelling Cards,150,Oathed,2022-02-01 01:05,Locked
142992712,1027,AR,?????,Angelica,100,3263300,-,-,x5,,605,605,61,63,51,75,10,0,0,30,10,0,,,,150,Oathed,2022-03-12 13:30,Locked
143068069,1023,SMG,?????,Henrietta,100,3263300,-,-,x5,,950,950,32,16,88,93,12,0,0,5,10,0,,,,100,,,Locked
143252996,1025,SG,?????,Triela,100,3263300,-,-,x5,,1265,1265,39,13,13,26,6,21,4,40,10,0,,,,100,,,Locked
143548148,271,MG,???,K3,100,3263300,-,-,x5,,825,825,82,32,37,134,4,0,9,5,1,0,,,,100,,,Locked
143549591,20221,HG,????,GSh-18 Mod,120,30283300,-,-,x5,Mod3,370,370,40,61,104,58,15,0,0,20,10,10,,,,200,Oathed,2021-10-30 17:33,Locked
143552436,166,HG,?????,CZ75,100,3263300,-,-,x5,,330,330,36,66,78,66,15,0,0,20,10,0,,,,100,,,Locked
144291257,153,SG,????,M37,100,3263300,-,-,x5,,1265,1265,35,13,13,26,6,22,4,40,10,0,,,,100,,,Locked
144316715,224,SMG,?????,PM-06,100,3263300,-,-,x5,,950,950,31,16,79,83,12,0,0,5,10,0,,,,100,,,Locked
144429843,1026,MG,?????,Claes,100,3263300,-,-,x5,,785,785,83,37,38,139,4,0,8,5,1,0,,,,100,,,Locked
144430963,15,HG,???,G17,100,3263300,-,-,x5,,315,315,31,61,92,61,15,0,0,20,1,0,,,,100,,,Locked
144799484,285,HG,?????,C-93,100,3263300,-,-,x5,,315,315,35,66,103,64,15,0,0,20,10,0,,,,100,,,Locked
144800322,254,MG,????,UKM-2000,100,3263300,-,-,x5,,845,845,95,28,28,115,4,0,11,5,1,0,,,,100,,,Locked
145077364,266,RF,?????,R93,100,3263300,-,-,x5,,405,405,140,102,36,39,7,0,0,40,1,0,,,,100,,,Locked
145142891,20252,RF,?????,KSVK Mod,120,30283300,-,-,x5,Mod3,455,455,190,101,36,32,7,0,0,40,10,10,12.7mm 1SL,VFL 6-24X56,Thermoptic Camouflage Cape,200,Oathed,2021-01-19 17:58,Locked
145836329,79,MG,???,FF M249SAW,100,3263300,-,-,x5,,785,785,87,39,40,139,4,0,8,5,10,0,,,,150,Oathed,2022-05-26 09:11,Locked
146939591,279,AR,???,INSAS,100,3263300,-,-,x5,,550,550,52,55,48,71,10,0,0,20,1,0,,,,100,,,Locked
146978601,97,HG,?????,M950A,70,705000,0,0,x4,,260,260,26,44,54,65,15,0,0,20,1,0,,,,100,,,Locked
147163533,97,HG,?????,M950A,70,705000,0,0,x4,,260,260,26,44,54,65,15,0,0,20,3,0,,,,100,,,Locked
147249284,278,SG,???,Six12,100,3263300,-,-,x5,,1210,1210,38,15,15,30,6,20,4,40,10,0,,,,150,Oathed,2022-05-18 11:59,Locked
147261059,112,MG,?????,Negev,100,3263300,-,-,x5,,870,870,93,39,40,139,4,0,9,5,10,0,,,,150,Oathed,2022-04-15 12:34,Locked
147278534,275,MG,????,M1895 CB,100,3263300,-,-,x5,,950,950,99,29,26,131,4,0,10,5,10,0,,,,150,Oathed,2021-05-18 19:42,Locked
147319543,272,HG,?????,Desert Eagle,100,3263300,-,-,x5,,365,365,44,60,70,55,15,0,0,40,10,0,RMR T4 Red Dot Sight,16Lab Hollow-Point,IOP X4 Exoskeleton,100,,,Locked
147686887,276,MG,?????,Kord,84,1507325,2125,70475,x4,,728,728,103,20,19,105,4,0,9,5,10,0,,,,100,,,Locked
147940155,276,MG,?????,Kord,100,3263300,-,-,x5,,990,990,115,24,23,110,4,0,9,5,10,0,Mk1000 SLAP,RMR T4 Red Dot Sight,IOP Maximum Ammo Box,100,,,Locked
147949376,276,MG,?????,Kord,100,3263300,-,-,x5,,990,990,120,25,24,110,4,0,9,5,10,0,M1022 Sniper Rounds,VFL 6-24X56,IOP Maximum Ammo Box,150,Oathed,2021-05-02 13:06,Locked
148302753,242,HG,?????,P22,100,3263300,-,-,x5,,350,350,30,70,116,62,15,0,0,20,10,0,,,,100,,,Locked
148645140,273,RF,????,SSG3000,100,3263300,-,-,x5,,440,440,133,81,32,37,7,0,0,40,1,0,,,,100,,,Locked
148772463,274,AR,?????,ACR,100,3263300,-,-,x5,,580,580,60,60,53,77,10,0,0,30,10,0,,,,150,Oathed,2022-03-17 11:40,Locked
148981395,198,RF,?????,Carcano M91/38,100,3263300,-,-,x5,,365,365,154,95,47,34,7,0,0,40,10,0,M1022 Sniper Rounds,VFL 6-24X56,Thermoptic Camouflage Cape,100,,,Locked
149336770,135,SMG,?????,SR-3MP,70,705000,0,0,x4,,660,660,28,10,53,83,12,0,0,5,1,0,,,,100,,,Locked
149438594,135,SMG,?????,SR-3MP,70,735000,0,0,x4,,660,660,28,10,53,83,12,0,0,5,1,0,,,,100,,,Locked
149553251,263,MG,?????,Gr MG36,100,3263300,-,-,x5,,910,910,94,38,40,129,4,0,10,5,10,0,,,,150,Oathed,2022-05-18 12:11,Locked
149759603,135,SMG,?????,SR-3MP,70,705000,0,0,x4,,660,660,28,10,53,83,12,0,0,5,1,0,,,,100,,,Locked
150332393,284,RF,???,Zas M76,100,3263300,-,-,x5,,420,420,116,82,37,37,7,0,0,40,1,0,,,,100,,,Locked
150787571,203,SMG,????,Honey Badger,100,3263300,-,-,x5,,990,990,37,15,66,82,12,0,0,5,10,0,,,,150,Oathed,2022-03-17 12:12,Locked
151435946,97,HG,?????,M950A,70,705000,0,0,x4,,260,260,26,44,54,65,15,0,0,20,1,0,,,,100,,,Locked
151934555,20065,AR,??????,416 Mod,120,30283300,-,-,x5,Mod3,620,620,64,59,55,79,10,0,0,20,10,10,EOT XPS3,APCR High-Velocity Ammo,Tactical Headwear,200,Oathed,2021-03-05 11:02,Locked
151948846,135,SMG,?????,SR-3MP,70,705000,0,0,x4,,660,660,28,10,53,83,12,0,0,5,1,0,,,,100,,,Locked
152328863,213,SMG,?????,C-MS,100,3263300,-,-,x5,,925,925,34,16,79,87,12,0,0,5,10,0,,,,100,,,Locked
152339339,142,HG,?????,Five-seven,70,705000,0,0,x4,,216,216,27,45,75,59,15,0,0,20,1,0,,,,100,,,Locked
152408530,167,HG,???,Gr HK45,100,3263300,-,-,x5,,330,330,36,61,84,55,15,0,0,20,1,0,,,,100,,,Locked
152549654,135,SMG,?????,SR-3MP,70,705000,0,0,x4,,660,660,28,10,53,83,12,0,0,5,1,0,,,,100,,,Locked
152743146,19,SMG,???,FMG-9,100,3263300,-,-,x5,,705,705,28,14,95,92,12,0,0,5,1,0,,,,100,,,Locked
152745287,135,SMG,?????,SR-3MP,71,765000,0,0,x4,,664,664,28,10,54,83,12,0,0,5,1,0,,,,100,,,Locked
152820915,135,SMG,?????,SR-3MP,71,765000,0,0,x4,,664,664,28,10,54,83,12,0,0,5,1,0,,,,100,,,Locked
152822336,135,SMG,?????,SR-3MP,70,735000,0,0,x4,,660,660,28,10,53,83,12,0,0,5,1,0,,,,100,,,Locked
152904386,108,AR,???,CZ-805,100,3263300,-,-,x5,,580,580,46,52,44,75,10,0,0,20,1,0,,,,100,,,Locked
153023505,291,SMG,???,43M,100,3263300,-,-,x5,,925,925,32,14,59,89,12,0,0,5,1,0,,,,100,,,Locked
153045555,135,SMG,?????,SR-3MP,74,915000,0,0,x4,,676,676,29,11,56,84,12,0,0,5,1,0,,,,100,,,Locked
153197831,135,SMG,?????,SR-3MP,71,785000,0,0,x4,,664,664,28,10,54,83,12,0,0,5,1,0,,,,100,,,Locked
153373460,135,SMG,?????,SR-3MP,100,3263300,-,-,x5,,970,970,33,13,71,90,12,0,0,5,1,0,,,,100,,,Locked
153463954,280,SMG,????,MAT-49,100,3263300,-,-,x5,,925,925,31,15,77,80,12,0,0,5,1,0,,,,100,,,Locked
153738324,38,RF,???,M21,100,3263300,-,-,x5,,465,465,124,78,29,35,7,0,0,40,1,0,,,,100,,,Locked
154173787,1028,SMG,?????,Agent Vector,100,3263300,-,-,x5,,925,925,32,12,75,101,12,0,0,5,10,0,,,,100,,,Locked
154433867,1029,AR,?????,Agent 416,100,3263300,-,-,x5,,605,605,54,49,47,76,10,0,0,20,10,0,,,,100,,,Locked
155168503,20152,SG,????,M1897 Mod,120,30283300,-,-,x5,Mod3,1355,1355,43,15,13,26,6,22,4,40,10,10,,,,200,Oathed,2022-01-25 16:46,Locked
156455873,299,SG,???,HSM10,100,3263300,-,-,x5,,1235,1235,38,15,14,27,6,21,4,40,10,0,,,,150,Oathed,2022-05-18 12:00,Locked
156657854,155,SG,????,M590,100,3263300,-,-,x5,,1320,1320,34,12,11,31,6,22,4,40,10,0,,,,100,,,Locked
156778397,169,SMG,???,SCW,100,3263300,-,-,x5,,840,840,32,13,72,91,12,0,0,5,1,0,,,,100,,,Locked
157465483,298,AR,???,Vepr,100,3263300,-,-,x5,,550,550,53,54,52,71,10,0,0,20,10,0,,,,150,Oathed,2022-06-12 12:00,Locked
157769996,174,RF,???,Type81R,100,3263300,-,-,x5,,375,375,130,83,44,32,7,0,0,40,1,0,,,,100,,,Locked
157770926,132,HG,???,Type59,100,3263300,-,-,x5,,300,300,30,65,101,61,15,0,0,20,1,0,,,,100,,,Locked
157771767,84,MG,???,RPD,100,3263300,-,-,x5,,825,825,91,38,38,121,4,0,8,5,10,0,,,RPD Infantry Webbing,150,Oathed,2022-06-04 14:36,Locked
158402472,144,SMG,???,MT-9,100,3263300,-,-,x5,,1015,1015,27,14,63,88,12,0,0,5,1,0,,,,100,,,Locked
158507999,259,SMG,?????,PM-9,100,3263300,-,-,x5,,880,880,30,14,90,102,12,0,0,5,10,0,,,,100,,,Locked
158855093,300,MG,???,CAR,100,3263300,-,-,x5,,825,825,103,36,32,112,4,0,8,5,10,0,,,,150,Oathed,2022-06-08 17:09,Locked
158898792,146,RF,????,Gr G28,100,3263300,-,-,x5,,440,440,125,84,31,39,7,0,0,40,1,0,,,,100,,,Locked
159755277,188,SG,?????,S.A.T.8,100,3263300,-,-,x5,,1410,1410,31,14,13,33,6,22,4,40,4,0,,,,100,,,Locked
160340087,20026,SMG,?????,Gr MP5 Mod,111,5834440,0,0,x5,Mod2,895,895,35,16,77,90,12,0,0,5,10,10,,,,150,Oathed,2022-02-18 14:33,Locked
161234491,190,SG,???,NS2000,100,3263300,-,-,x5,,1265,1265,37,14,13,27,6,20,5,40,10,0,,,,150,Oathed,2022-05-18 11:58,Locked
161377077,301,SMG,???,MAS-38,100,3263300,-,-,x5,,950,950,28,14,76,83,12,0,0,5,1,0,,,,100,,,Locked
161816245,294,HG,?????,Webley,100,3263300,-,-,x5,,430,430,31,70,86,57,15,0,0,20,10,0,AC4 Suppressor,ILM Hollow-Point Ammo,IOP T4 Exoskeleton,100,,,Locked
161825699,287,AR,?????,SIG-556,100,3263300,-,-,x5,,605,605,54,49,48,76,10,0,0,20,10,0,,,,100,,,Locked
161839084,281,SG,?????,CAWS,100,3263300,-,-,x5,,1235,1235,32,13,14,35,6,23,5,40,10,0,,,,100,,,Locked
162590074,307,MG,?????,ZB-26,100,3263300,-,-,x5,,910,910,110,33,35,116,4,0,9,5,10,0,,,,150,Oathed,2022-04-15 12:30,Locked
162816915,297,AR,????,FI M82,100,3263300,-,-,x5,,565,565,54,48,49,75,10,0,0,20,10,0,,,,100,,,Locked
162819268,295,SMG,????,CF-05,100,3263300,-,-,x5,,950,950,28,14,77,87,12,0,0,5,8,0,,,,100,,,Locked
163276662,264,MG,????,Chauchat,100,3263300,-,-,x5,,870,870,108,36,32,81,4,0,9,5,1,0,,,,100,,,Locked
163277438,306,AR,?????,AK-Alfa,100,3263300,-,-,x5,,580,580,62,59,58,75,10,0,0,20,10,0,,,,150,Oathed,2022-03-12 13:34,Locked
163400213,296,RF,?????,Gr SL8,100,3263300,-,-,x5,,425,425,126,82,41,41,7,0,0,40,10,0,,,,100,,,Locked
164151462,275,MG,????,M1895 CB,71,778125,0,0,x4,,648,648,78,20,18,119,4,0,10,5,1,0,,,,100,,,Locked
164166207,289,AR,?????,R5,100,3263300,-,-,x5,,620,620,61,60,48,76,10,0,0,20,10,0,,,,150,Oathed,2022-03-12 13:29,Locked
164654747,309,HG,???,WKp,100,3263300,-,-,x5,,400,400,44,52,69,44,15,0,0,20,1,0,,,,100,,,Locked
164682297,249,MG,???,62 Shiki,100,3263300,-,-,x5,,845,845,92,33,30,122,4,0,9,5,1,0,,,,100,,,Locked
164972788,282,SG,?????,DP-12,100,3263300,-,-,x5,,1265,1265,33,14,14,30,6,23,5,40,10,0,,,,100,,,Locked
165087545,193,AR,???,T65,100,3263300,-,-,x5,,620,620,57,47,42,76,10,0,0,20,1,0,,,,100,,,Locked
165154921,20,SMG,?????,Vector,100,3263300,-,-,x1,,185,185,32,12,75,101,12,0,0,5,10,0,#2 Processor,ILM Hollow-Point Ammo,EOT 518,100,,,Locked
165486869,187,AR,????,Ak 5,100,3263300,-,-,x5,,580,580,57,53,42,75,10,0,0,20,10,0,,,,150,Oathed,2022-03-17 11:34,Locked
165599237,240,MG,????,Mk46,100,3263300,-,-,x5,,810,810,82,36,38,142,4,0,9,5,1,0,,,,100,,,Locked
165905469,170,AR,???,ASh-12.7,100,3263300,-,-,x5,,550,550,69,44,38,59,10,0,0,20,1,0,,,,100,,,Locked
166005898,205,AR,?????,AN-94,70,705000,0,0,x4,,392,392,46,52,37,68,10,0,0,20,1,0,,,,100,,,Locked
166374757,138,AR,???,6P62,100,3263300,-,-,x5,,605,605,76,41,37,54,10,0,0,20,10,0,,,,150,Oathed,2022-03-17 11:44,Locked
167115362,120,AR,???,ARX-160,100,3263300,-,-,x5,,495,495,52,51,51,73,10,0,0,20,1,0,,,,100,,,Locked
167326862,314,AR,???,StG-940,100,3263300,-,-,x5,,550,550,53,52,47,69,10,0,0,20,1,0,,,,100,,,Locked
167741058,117,RF,????,Gr PSG-1,100,3263300,-,-,x5,,465,465,126,77,28,39,7,0,0,40,1,0,,,,100,,,Locked
167867669,311,SMG,?????,Lusa,100,3263300,-,-,x5,,1025,1025,31,14,73,94,12,0,0,5,10,0,,,,100,,,Locked
169506653,320,RF,???,GM6 Lynx,100,3263300,-,-,x5,,420,420,142,79,32,33,7,0,0,40,1,0,,,,100,,,Locked
170763363,1010,HG,?????,El Fail,70,705000,0,0,x4,,224,224,27,48,69,54,15,0,0,20,1,0,,,,100,,,Locked
171186107,1009,HG,?????,El Clear,70,720000,0,0,x4,,224,224,27,48,69,54,15,0,0,20,1,0,,,,100,,,Locked
171569432,321,SG,???,TS12,100,3263300,-,-,x5,,1210,1210,36,14,12,30,6,21,3,40,4,0,,,,100,,,Locked
173053699,340,AR,?????,TKB-408,100,3263300,-,-,x5,,580,580,58,54,51,72,10,0,0,20,10,0,,,,100,,,Locked
173205400,325,SG,????,PM5,100,3263300,-,-,x5,,1190,1190,38,14,17,29,6,20,5,40,10,0,,,,150,Oathed,2022-05-18 11:57,Locked
173235761,324,SG,?????,M6 ASW,100,3263300,-,-,x5,,1300,1300,43,17,16,28,6,22,4,40,10,0,,,,150,Oathed,2022-05-22 16:30,Locked
173387623,322,HG,???,QSB-91,100,3263300,-,-,x5,,350,350,38,61,76,53,15,0,0,20,1,0,,,,100,,,Locked
173605898,97,HG,?????,M950A,70,705000,0,0,x4,,260,260,26,44,54,65,15,0,0,20,1,0,,,,100,,,Locked
173811924,303,HG,?????,HP-35,100,3263300,-,-,x5,,380,380,33,68,94,58,15,0,0,20,10,0,,,,100,,,Locked
174916967,28,SMG,?????,Gr MP7,100,3263300,-,-,x5,,990,990,32,14,73,91,12,0,0,5,10,0,,,,100,,,Locked
174975910,186,HG,???,P226,100,3263300,-,-,x5,,365,365,31,61,67,61,15,0,0,20,1,0,,,,100,,,Locked
174980771,131,SMG,???,EVO 3,100,3263300,-,-,x5,,970,970,25,14,72,93,12,0,0,5,1,0,,,,100,,,Locked
174982577,134,AR,???,AR70,100,3263300,-,-,x5,,550,550,53,47,44,71,10,0,0,20,1,0,,,,100,,,Locked
174987148,147,RF,???,SSG 69,100,3263300,-,-,x5,,400,400,137,87,41,30,7,0,0,40,1,0,,,,100,,,Locked
175094029,305,RF,????,Tabuk,100,3263300,-,-,x5,,420,420,121,86,38,39,7,0,0,40,1,0,,,,100,,,Locked
175094142,337,RF,?????,De Lisle,100,3263300,-,-,x5,,510,510,120,96,42,37,7,0,0,40,10,0,,VFL 6-24X56,Thermoptic Camouflage Cape,150,Oathed,2022-02-07 00:52,Locked
175112784,210,HG,???,CZ52,100,3263300,-,-,x5,,380,380,35,53,72,53,15,0,0,20,1,0,,,,100,,,Locked
175181079,53,RF,?????,NTW-20,100,3263300,-,-,x5,,465,465,174,79,31,30,7,0,0,40,1,0,,,,100,,,Locked
175407949,205,AR,?????,AN-94,70,705000,0,0,x4,,392,392,46,52,37,68,10,0,0,20,1,0,,,,100,,,Locked
175480545,327,SMG,???,SUB-2000,100,3263300,-,-,x5,,970,970,28,14,70,84,12,0,0,5,4,0,,,,100,,,Locked
175629051,293,AR,?????,AK-15,100,3263300,-,-,x5,,550,550,64,58,57,77,10,0,0,20,10,0,,,,150,Oathed,2022-03-12 13:31,Locked
175629108,290,AR,?????,89 Shiki,100,3263300,-,-,x5,,605,605,60,53,50,79,10,0,0,20,10,0,,,,150,Oathed,2022-03-17 11:47,Locked
175629377,135,SMG,?????,SR-3MP,100,3263300,-,-,x5,,970,970,33,13,71,90,12,0,0,5,1,0,,,,100,,,Locked
175629396,304,SMG,????,SAF,100,3263300,-,-,x5,,900,900,27,15,73,99,12,0,0,5,1,0,,,,100,,,Locked
175629743,329,RF,?????,SVCh,100,3263300,-,-,x5,,435,435,159,107,33,35,7,0,0,40,10,0,,,,150,Oathed,2022-06-12 12:02,Locked
175629744,198,RF,?????,Carcano M91/38,100,3263300,-,-,x5,,365,365,154,95,47,34,7,0,0,40,10,0,,,,100,,,Locked
175884273,326,SG,????,512,100,3263300,-,-,x5,,1280,1280,41,17,15,31,6,20,3,40,10,0,,,,150,Oathed,2022-05-18 11:56,Locked
175916733,156,SG,????,Super-Shorty,100,3263300,-,-,x5,,1210,1210,30,15,20,30,6,20,3,40,10,0,,,,100,,,Locked
175962783,283,SG,????,Liberator,100,3263300,-,-,x5,,1155,1155,38,13,16,30,6,21,4,40,10,0,,,,100,,,Locked
175998167,242,HG,?????,P22,100,3263300,-,-,x5,,350,350,30,70,116,62,15,0,0,20,8,0,AC4 Suppressor,Signal Flare,IOP T4 Exoskeleton,100,,,Locked
176107590,242,HG,?????,P22,70,705000,0,0,x4,,236,236,25,51,86,56,15,0,0,20,1,0,,,,100,,,Locked
176169997,242,HG,?????,P22,70,705000,0,0,x4,,236,236,25,51,86,56,15,0,0,20,1,0,,,,100,,,Locked
176327976,292,MG,?????,RPK-16,100,3263300,-,-,x5,,825,825,94,41,40,129,4,0,10,5,10,0,Mk1000 SLAP,RMR T4 Red Dot Sight,IOP Maximum Ammo Box,150,Oathed,2022-04-15 12:31,Locked
176599803,213,SMG,?????,C-MS,70,735000,0,0,x4,,628,628,28,12,58,79,12,0,0,5,1,0,,,,100,,,Locked
176772480,121,MG,????,Mk48,100,3263300,-,-,x5,,870,870,95,27,28,112,4,0,10,5,1,0,,,,100,,,Locked
176901885,1031,RF,?????,Pekola,100,3263300,-,-,x5,,440,440,133,84,42,37,7,0,0,40,10,0,M1022 Sniper Rounds,VFL 6-24X56,Donut of Sweet Dreams,100,,,Locked
176902193,1033,MG,?????,Hanazono Yurine,100,3263300,-,-,x5,,910,910,103,32,27,128,4,0,10,5,10,0,Mk1000 SLAP,Grimoire Vol. II,IOP Maximum Ammo Box,150,Oathed,2022-04-15 12:29,Locked
176998344,1032,AR,?????,Medusa,100,3263300,-,-,x5,,605,605,64,63,52,73,10,0,0,30,10,0,,,,150,Oathed,2022-03-12 13:35,Locked
177001801,1034,SG,?????,Minos,100,3263300,-,-,x5,,1430,1430,43,14,13,24,6,22,4,40,10,0,,,,150,Oathed,2022-05-04 16:45,Locked
177077737,1030,SMG,?????,Jashin-chan,100,3263300,-,-,x5,,1015,1015,28,14,79,81,12,0,0,5,10,0,,,,100,,,Locked
177208884,308,RF,???,C14,100,3263300,-,-,x5,,465,465,135,81,31,32,7,0,0,40,1,0,,,,100,,,Locked
177712696,250,HG,?????,HS2000,100,3263300,-,-,x1,,72,72,35,65,92,62,15,0,0,20,10,0,,,,100,,,Locked
177875706,20,SMG,?????,Vector,100,3263300,-,-,x1,,185,185,32,12,75,101,12,0,0,5,10,0,#2 Processor,ILM Hollow-Point Ammo,EOT 518,100,,,Locked
180103258,313,AR,?????,S-ACR,100,3263300,-,-,x5,,620,620,51,50,47,91,10,0,0,20,10,0,,,,150,Oathed,2022-06-12 11:57,Locked
181038761,302,SG,????,Defender,100,3263300,-,-,x5,,1235,1235,42,15,19,27,6,18,8,40,10,0,,20-gauge Custom Slug Rounds,EOT 518,150,Oathed,2022-06-10 22:21,Locked
181439795,310,HG,????,Rex Zero 1,100,3263300,-,-,x5,,350,350,33,59,78,61,15,0,0,20,10,0,,,,100,,,Locked
181791569,319,MG,????,PM1910,100,3263300,-,-,x5,,950,950,95,29,27,104,4,0,10,5,8,0,,,,100,,,Locked
181791842,318,AR,?????,VHS,100,3263300,-,-,x5,,580,580,63,60,52,78,10,0,0,20,10,0,,,,150,Oathed,2022-03-12 13:33,Locked
181797005,323,SG,?????,LTLX7000,100,3263300,-,-,x5,,1375,1375,26,16,13,28,6,25,5,40,10,0,Type 3 Armor Plate,Shotgun Flash Shells,ITI MARS,150,Oathed,2022-04-15 12:28,Locked
181850512,316,RF,?????,General Liu,100,3263300,-,-,x5,,400,400,146,93,32,40,7,0,0,40,10,0,,,,100,,,Locked
181907164,317,RF,????,Mondragon M1908,100,3263300,-,-,x5,,420,420,124,82,38,41,7,0,0,40,10,0,,,Old Camouflage Uniform,150,Oathed,2022-05-28 12:18,Locked
182120155,312,RF,?????,VSK-94,100,3263300,-,-,x5,,440,440,140,83,34,38,7,0,0,40,10,0,,,,100,,,Locked
182683473,315,SMG,?????,AUG Para,100,3263300,-,-,x5,,925,925,32,17,92,88,12,0,0,5,10,0,,,,150,Oathed,2022-05-18 12:03,Locked
184225571,316,RF,?????,General Liu,100,3263300,-,-,x5,,400,400,146,93,32,40,7,0,0,40,9,0,,,,100,,,Locked
184383982,336,SMG,????,PPD-40,100,3263300,-,-,x5,,925,925,28,14,79,88,12,0,0,5,10,0,,,,100,,,Locked
184395281,328,SMG,????,AR-57,100,3263300,-,-,x5,,915,915,28,15,78,92,12,0,0,5,1,0,,,,100,,,Locked
184541050,292,MG,?????,RPK-16,70,720000,0,0,x4,,560,560,68,27,26,115,4,0,10,5,1,0,,,,50,,,Locked
184542085,339,MG,?????,RPK-203,100,3263300,-,-,x5,,825,825,101,38,40,124,4,0,9,5,10,0,M1022 Sniper Rounds,VFL 6-24X56,IOP Maximum Ammo Box,150,Oathed,2022-06-10 22:22,Locked
184544857,330,AR,????,FX-05,100,3263300,-,-,x5,,550,550,60,61,52,69,10,0,0,20,10,0,,,,150,Oathed,2022-03-12 13:36,Locked
184546089,338,AR,?????,SIG MCX,100,3263300,-,-,x5,,580,580,54,63,51,83,10,0,0,20,10,0,,,,150,Oathed,2022-03-17 11:46,Locked
185521568,294,HG,?????,Webley,70,720000,0,0,x4,,292,292,25,51,62,51,15,0,0,20,1,0,,,,100,,,Locked
185522392,294,HG,?????,Webley,70,705000,0,0,x4,,292,292,25,51,62,51,15,0,0,20,1,0,,,,100,,,Locked
187658689,353,SG,????,MAG-7,100,3263300,-,-,x5,,1210,1210,47,16,11,26,6,20,5,40,10,0,,,,100,,,Locked
187699596,154,SG,???,M500,100,3263300,-,-,x5,,1320,1320,33,12,11,29,6,21,4,40,1,0,,,,100,,,Locked
187700052,352,SG,????,Nova,100,3263300,-,-,x5,,1320,1320,33,14,17,29,6,19,7,40,10,0,Type 3 Armor Plate,Shotgun Flash Shells,ITI MARS,100,,,Locked
187853464,1022,SG,?????,Dana Zane,100,3263300,-,-,x5,,1345,1345,40,16,14,26,6,22,1,40,10,0,,,,100,,,Locked
187880955,1017,HG,?????,Jill Stingray,100,3263300,-,-,x5,,400,400,32,56,101,55,15,0,0,20,10,0,Karmotrine,Karmotrine,Karmotrine,100,,,Locked
187917228,1021,MG,?????,Alma Armas,100,3263300,-,-,x5,,975,975,98,35,26,129,4,0,9,5,10,0,,,Cybernetic Hands,150,Oathed,2022-06-08 17:08,Locked
187926065,1020,RF,?????,Stella Hoshii,100,3263300,-,-,x5,,450,450,123,89,38,35,7,0,0,40,10,0,,VFL 6-24X56,Thermoptic Camouflage Cape,100,,,Locked
187928058,1018,HG,?????,Sei Asagiri,100,3263300,-,-,x5,,425,425,32,62,81,53,15,0,0,20,10,0,AC4 Suppressor,Signal Flare,IOP T4 Exoskeleton,100,,,Locked
188057462,1019,SMG,?????,Dorothy Haze,100,3263300,-,-,x5,,880,880,30,16,92,79,12,0,0,5,10,0,,,,100,,,Locked
188670075,351,SG,?????,M26-MASS,100,3263300,-,-,x1,,253,253,37,16,15,30,6,22,5,40,10,0,,,,100,,,Locked
190087296,198,RF,?????,Carcano M91/38,100,3263300,-,-,x5,,365,365,154,95,47,34,7,0,0,40,10,0,,,,100,,,Locked
190705301,198,RF,?????,Carcano M91/38,100,3263300,-,-,x5,,365,365,154,95,47,34,7,0,0,40,10,0,,,,100,,,Locked
190983907,347,SMG,?????,SR2,100,3263300,-,-,x5,,1040,1040,33,15,69,92,12,0,0,5,10,0,,,,127,Oathed,2022-06-20 20:44,Locked
190983950,346,HG,????,CZ100,70,720000,0,0,x4,,248,248,24,40,60,53,15,0,0,20,1,0,,,,50,,,Locked
190984044,349,AR,????,AK74M,94,2463600,16900,109800,x5,,535,535,52,57,46,72,10,0,0,20,1,0,,,,100,,,Locked
190987637,198,RF,?????,Carcano M91/38,100,3263300,-,-,x5,,365,365,154,95,47,34,7,0,0,40,6,0,,,,100,,,Locked
191023837,348,RF,?????,HS.50,100,3263300,-,-,x5,,440,440,175,93,32,33,7,0,0,40,10,0,M1022 Sniper Rounds,VFL 6-24X56,Thermoptic Camouflage Cape,150,Oathed,2022-06-25 16:08,Locked
191604957,213,SMG,?????,C-MS,70,720000,0,0,x4,,628,628,26,11,55,79,12,0,0,5,1,0,,,,50,,,Locked
191793185,198,RF,?????,Carcano M91/38,70,720000,0,0,x4,,248,248,116,66,32,31,7,0,0,40,4,0,,,,50,,,Locked
191960819,272,HG,?????,Desert Eagle,70,714000,0,0,x4,,248,248,33,42,48,50,15,0,0,40,1,0,,,,50,,,Locked
