event_id,datetime,prize_id,prize
473,2021-12-18 12:06:11,17,Manpower*100
473,2021-12-18 12:06:11,43,Basic Training Data*25
473,2021-12-18 12:06:11,527,Battery*10
473,2021-12-18 12:06:11,631,Calibration Ticket*10
473,2021-12-18 12:06:11,20,Ammo*100
473,2021-12-18 12:06:11,46,Intermediate Training Data*25
473,2021-12-18 12:06:11,49,Advanced Training Data*25
473,2021-12-18 12:06:11,527,Battery*10
473,2021-12-18 12:06:11,527,Battery*10
473,2021-12-18 12:06:11,46,Intermediate Training Data*25
473,2021-12-18 12:06:18,527,Battery*10
473,2021-12-18 12:06:18,23,Rations*100
473,2021-12-18 12:06:18,46,Intermediate Training Data*25
473,2021-12-18 12:06:18,43,Basic Training Data*25
473,2021-12-18 12:06:18,631,Calibration Ticket*10
473,2021-12-18 12:06:18,49,Advanced Training Data*25
473,2021-12-18 12:06:18,527,Battery*10
473,2021-12-18 12:06:18,527,Battery*10
473,2021-12-18 12:06:18,527,Battery*10
473,2021-12-18 12:06:18,631,Calibration Ticket*10
473,2021-12-22 23:51:22,631,Calibration Ticket*10
473,2021-12-22 23:51:22,49,Advanced Training Data*25
473,2021-12-22 23:51:22,631,Calibration Ticket*10
473,2021-12-22 23:51:22,17,Manpower*100
473,2021-12-22 23:51:22,17,Manpower*100
473,2021-12-22 23:51:22,631,Calibration Ticket*10
473,2021-12-22 23:51:22,43,Basic Training Data*25
473,2021-12-22 23:51:22,527,Battery*10
473,2021-12-22 23:51:22,527,Battery*10
473,2021-12-22 23:51:22,49,Advanced Training Data*25
473,2021-12-22 23:51:28,527,Battery*10
473,2021-12-22 23:51:28,46,Intermediate Training Data*25
473,2021-12-22 23:51:28,631,Calibration Ticket*10
473,2021-12-22 23:51:28,43,Basic Training Data*25
473,2021-12-22 23:51:28,49,Advanced Training Data*25
473,2021-12-22 23:51:28,46,Intermediate Training Data*25
473,2021-12-22 23:51:28,220175,prize-10220175
473,2021-12-22 23:51:28,631,Calibration Ticket*10
473,2021-12-22 23:51:28,46,Intermediate Training Data*25
473,2021-12-22 23:51:28,1303,prize-10001303
473,2021-12-24 02:12:41,631,Calibration Ticket*10
473,2021-12-24 02:12:41,43,Basic Training Data*25
473,2021-12-24 02:12:41,49,Advanced Training Data*25
473,2021-12-24 02:12:41,49,Advanced Training Data*25
473,2021-12-24 02:12:41,20,Ammo*100
473,2021-12-24 02:12:41,17,Manpower*100
473,2021-12-24 02:12:41,49,Advanced Training Data*25
473,2021-12-24 02:12:41,631,Calibration Ticket*10
473,2021-12-24 02:12:41,46,Intermediate Training Data*25
473,2021-12-24 02:12:41,631,Calibration Ticket*10
473,2021-12-24 02:12:48,631,Calibration Ticket*10
473,2021-12-24 02:12:48,23,Rations*100
473,2021-12-24 02:12:48,631,Calibration Ticket*10
473,2021-12-24 02:12:48,631,Calibration Ticket*10
473,2021-12-24 02:12:48,527,Battery*10
473,2021-12-24 02:12:48,20,Ammo*100
473,2021-12-24 02:12:48,20,Ammo*100
473,2021-12-24 02:12:48,46,Intermediate Training Data*25
473,2021-12-24 02:12:48,527,Battery*10
473,2021-12-24 02:12:48,527,Battery*10
318,2022-01-25 10:24:20,821,Dummy Core*3
318,2022-01-25 10:24:20,810,Parts*100
318,2022-01-25 10:24:20,879,Memory Fragment*20
318,2022-01-25 10:24:20,825,Quick Repair*1
318,2022-01-25 10:24:20,807,Rations*100
318,2022-01-25 10:24:20,831,Intermediate Training Data*30
318,2022-01-25 10:24:20,810,Parts*100
318,2022-01-25 10:24:20,807,Rations*100
318,2022-01-25 10:24:20,803,Manpower*300
318,2022-01-25 10:24:20,878,Memory Fragment*10
318,2022-01-25 10:24:27,831,Intermediate Training Data*30
318,2022-01-25 10:24:27,807,Rations*100
318,2022-01-25 10:24:27,828,Basic Training Data*30
318,2022-01-25 10:24:27,807,Rations*100
318,2022-01-25 10:24:27,830,Intermediate Training Data*20
318,2022-01-25 10:24:27,809,Rations*300
318,2022-01-25 10:24:27,802,Manpower*200
318,2022-01-25 10:24:27,825,Quick Repair*1
318,2022-01-25 10:24:27,806,Ammo*300
318,2022-01-25 10:24:27,919,Original Sample
318,2022-01-25 10:24:33,807,Rations*100
318,2022-01-25 10:24:33,830,Intermediate Training Data*20
318,2022-01-25 10:24:33,813,Token*2
318,2022-01-25 10:24:33,807,Rations*100
318,2022-01-25 10:24:33,822,T-Doll Contract*1
318,2022-01-25 10:24:33,825,Quick Repair*1
318,2022-01-25 10:24:33,807,Rations*100
318,2022-01-25 10:24:33,825,Quick Repair*1
318,2022-01-25 10:24:33,819,Dummy Core*1
318,2022-01-25 10:24:33,804,Ammo*100
318,2022-01-25 10:24:39,802,Manpower*200
318,2022-01-25 10:24:39,833,Advanced Training Data*20
318,2022-01-25 10:24:39,817,Enhancement Capsule*3
318,2022-01-25 10:24:39,920,Pure Sample
318,2022-01-25 10:24:39,825,Quick Repair*1
318,2022-01-25 10:24:39,919,Original Sample
318,2022-01-25 10:24:39,825,Quick Repair*1
318,2022-01-25 10:24:39,825,Quick Repair*1
318,2022-01-25 10:24:39,921,Quick Analysis Contract
318,2022-01-25 10:24:39,816,Enhancement Capsule*2
318,2022-01-25 10:24:47,920,Pure Sample
318,2022-01-25 10:24:47,816,Enhancement Capsule*2
318,2022-01-25 10:24:47,810,Parts*100
318,2022-01-25 10:24:47,805,Ammo*200
318,2022-01-25 10:24:47,879,Memory Fragment*20
318,2022-01-25 10:24:47,810,Parts*100
318,2022-01-25 10:24:47,880,Memory Fragment*30
318,2022-01-25 10:24:47,841,Battery*40
318,2022-01-25 10:24:47,814,Token*3
318,2022-01-25 10:24:47,816,Enhancement Capsule*2
318,2022-01-25 10:24:54,825,Quick Repair*1
318,2022-01-25 10:24:54,801,Manpower*100
318,2022-01-25 10:24:54,825,Quick Repair*1
318,2022-01-25 10:24:54,806,Ammo*300
318,2022-01-25 10:24:54,40287,prize-10040287
318,2022-01-25 10:24:54,824,Quick Production*1
318,2022-01-25 10:24:54,920,Pure Sample
318,2022-01-25 10:24:54,805,Ammo*200
318,2022-01-25 10:24:54,801,Manpower*100
318,2022-01-25 10:24:54,822,T-Doll Contract*1
318,2022-01-25 10:33:07,879,Memory Fragment*20
318,2022-01-25 10:33:07,837,Calibration Ticket*20
318,2022-01-25 10:33:07,819,Dummy Core*1
318,2022-01-25 10:33:07,808,Rations*200
318,2022-01-25 10:33:07,919,Original Sample
318,2022-01-25 10:33:07,817,Enhancement Capsule*3
318,2022-01-25 10:33:07,831,Intermediate Training Data*30
318,2022-01-25 10:33:07,811,Parts*200
318,2022-01-25 10:33:07,805,Ammo*200
318,2022-01-25 10:33:07,814,Token*3
318,2022-01-25 10:42:36,801,Manpower*100
318,2022-01-25 10:42:38,825,Quick Repair*1
318,2022-01-25 10:42:39,801,Manpower*100
318,2022-01-25 10:42:41,822,T-Doll Contract*1
318,2022-01-25 10:42:43,818,Enhancement Capsule*4
318,2022-01-26 11:15:10,836,Calibration Ticket*10
318,2022-01-26 11:15:10,803,Manpower*300
318,2022-01-26 11:15:10,808,Rations*200
318,2022-01-26 11:15:10,817,Enhancement Capsule*3
318,2022-01-26 11:15:10,878,Memory Fragment*10
318,2022-01-26 11:15:10,816,Enhancement Capsule*2
318,2022-01-26 11:15:10,816,Enhancement Capsule*2
318,2022-01-26 11:15:10,839,Battery*20
318,2022-01-26 11:15:10,828,Basic Training Data*30
318,2022-01-26 11:15:10,920,Pure Sample
318,2022-01-26 11:15:16,810,Parts*100
318,2022-01-26 11:15:16,804,Ammo*100
318,2022-01-26 11:15:16,830,Intermediate Training Data*20
318,2022-01-26 11:15:16,801,Manpower*100
318,2022-01-26 11:15:16,921,Quick Analysis Contract
318,2022-01-26 11:15:16,878,Memory Fragment*10
318,2022-01-26 11:15:16,804,Ammo*100
318,2022-01-26 11:15:16,804,Ammo*100
318,2022-01-26 11:15:16,801,Manpower*100
318,2022-01-26 11:15:16,920,Pure Sample
318,2022-01-26 11:15:22,817,Enhancement Capsule*3
318,2022-01-26 11:15:22,827,Basic Training Data*20
318,2022-01-26 11:15:22,920,Pure Sample
318,2022-01-26 11:15:22,807,Rations*100
318,2022-01-26 11:15:22,834,Advanced Training Data*30
318,2022-01-26 11:15:22,829,Basic Training Data*40
318,2022-01-26 11:15:22,801,Manpower*100
318,2022-01-26 11:15:22,816,Enhancement Capsule*2
318,2022-01-26 11:15:22,920,Pure Sample
318,2022-01-26 11:15:22,834,Advanced Training Data*30
318,2022-01-26 11:15:28,823,Equipment Contract*1
318,2022-01-26 11:15:28,829,Basic Training Data*40
318,2022-01-26 11:15:28,807,Rations*100
318,2022-01-26 11:15:28,807,Rations*100
318,2022-01-26 11:15:28,812,Parts*300
318,2022-01-26 11:15:28,836,Calibration Ticket*10
318,2022-01-26 11:15:28,810,Parts*100
318,2022-01-26 11:15:28,810,Parts*100
318,2022-01-26 11:15:28,823,Equipment Contract*1
318,2022-01-26 11:15:28,807,Rations*100
318,2022-01-26 11:15:34,817,Enhancement Capsule*3
318,2022-01-26 11:15:34,824,Quick Production*1
318,2022-01-26 11:15:34,827,Basic Training Data*20
318,2022-01-26 11:15:34,920,Pure Sample
318,2022-01-26 11:15:34,830,Intermediate Training Data*20
318,2022-01-26 11:15:34,828,Basic Training Data*30
318,2022-01-26 11:15:34,810,Parts*100
318,2022-01-26 11:15:34,815,Token*4
318,2022-01-26 11:15:34,804,Ammo*100
318,2022-01-26 11:15:34,808,Rations*200
318,2022-01-26 11:15:41,822,T-Doll Contract*1
318,2022-01-26 11:15:41,40154,prize-10040154
318,2022-01-26 11:15:41,813,Token*2
318,2022-01-26 11:15:41,801,Manpower*100
318,2022-01-26 11:15:41,841,Battery*40
318,2022-01-26 11:15:41,818,Enhancement Capsule*4
318,2022-01-26 11:15:41,810,Parts*100
318,2022-01-26 11:15:41,878,Memory Fragment*10
318,2022-01-26 11:15:41,841,Battery*40
318,2022-01-26 11:15:41,840,Battery*30
318,2022-01-26 11:15:47,827,Basic Training Data*20
318,2022-01-26 11:15:47,825,Quick Repair*1
318,2022-01-26 11:15:47,830,Intermediate Training Data*20
318,2022-01-26 11:15:47,837,Calibration Ticket*20
318,2022-01-26 11:15:47,827,Basic Training Data*20
318,2022-01-26 11:15:47,816,Enhancement Capsule*2
318,2022-01-26 11:15:47,825,Quick Repair*1
318,2022-01-26 11:15:47,801,Manpower*100
318,2022-01-26 11:15:47,802,Manpower*200
318,2022-01-26 11:15:47,814,Token*3
318,2022-01-26 11:15:53,837,Calibration Ticket*20
318,2022-01-26 11:15:55,809,Rations*300
318,2022-01-26 11:15:56,40155,prize-10040155
318,2022-01-26 11:15:58,804,Ammo*100
318,2022-01-26 11:16:00,921,Quick Analysis Contract
318,2022-01-27 02:21:54,40154,prize-10040154
318,2022-01-27 02:21:54,920,Pure Sample
318,2022-01-27 02:21:54,804,Ammo*100
318,2022-01-27 02:21:54,805,Ammo*200
318,2022-01-27 02:21:54,830,Intermediate Training Data*20
318,2022-01-27 02:21:54,809,Rations*300
318,2022-01-27 02:21:54,810,Parts*100
318,2022-01-27 02:21:54,804,Ammo*100
318,2022-01-27 02:21:54,807,Rations*100
318,2022-01-27 02:21:54,828,Basic Training Data*30
318,2022-01-27 02:22:01,810,Parts*100
318,2022-01-27 02:22:01,804,Ammo*100
318,2022-01-27 02:22:01,831,Intermediate Training Data*30
318,2022-01-27 02:22:01,805,Ammo*200
318,2022-01-27 02:22:01,824,Quick Production*1
318,2022-01-27 02:22:01,40289,prize-10040289
318,2022-01-27 02:22:01,808,Rations*200
318,2022-01-27 02:22:01,825,Quick Repair*1
318,2022-01-27 02:22:01,801,Manpower*100
318,2022-01-27 02:22:01,801,Manpower*100
318,2022-01-27 02:22:09,809,Rations*300
318,2022-01-27 02:22:09,40155,prize-10040155
318,2022-01-27 02:22:09,801,Manpower*100
318,2022-01-27 02:22:09,837,Calibration Ticket*20
318,2022-01-27 02:22:09,920,Pure Sample
318,2022-01-27 02:22:09,805,Ammo*200
318,2022-01-27 02:22:09,801,Manpower*100
318,2022-01-27 02:22:09,811,Parts*200
318,2022-01-27 02:22:09,837,Calibration Ticket*20
318,2022-01-27 02:22:09,837,Calibration Ticket*20
318,2022-01-27 02:22:15,810,Parts*100
318,2022-01-27 02:22:15,802,Manpower*200
318,2022-01-27 02:22:15,817,Enhancement Capsule*3
318,2022-01-27 02:22:15,814,Token*3
318,2022-01-27 02:22:15,841,Battery*40
318,2022-01-27 02:22:15,920,Pure Sample
318,2022-01-27 02:22:15,825,Quick Repair*1
318,2022-01-27 02:22:15,804,Ammo*100
318,2022-01-27 02:22:15,808,Rations*200
318,2022-01-27 02:22:15,878,Memory Fragment*10
318,2022-01-27 02:22:22,810,Parts*100
318,2022-01-27 02:22:22,827,Basic Training Data*20
318,2022-01-27 02:22:22,827,Basic Training Data*20
318,2022-01-27 02:22:22,811,Parts*200
318,2022-01-27 02:22:22,817,Enhancement Capsule*3
318,2022-01-27 02:22:22,810,Parts*100
318,2022-01-27 02:22:22,824,Quick Production*1
318,2022-01-27 02:22:22,805,Ammo*200
318,2022-01-27 02:22:22,836,Calibration Ticket*10
318,2022-01-27 02:22:22,817,Enhancement Capsule*3
318,2022-01-27 02:22:29,811,Parts*200
318,2022-01-27 02:22:29,920,Pure Sample
318,2022-01-27 02:22:29,816,Enhancement Capsule*2
318,2022-01-27 02:22:29,879,Memory Fragment*20
318,2022-01-27 02:22:29,810,Parts*100
318,2022-01-27 02:22:29,825,Quick Repair*1
318,2022-01-27 02:22:29,804,Ammo*100
318,2022-01-27 02:22:29,801,Manpower*100
318,2022-01-27 02:22:29,807,Rations*100
318,2022-01-27 02:22:29,807,Rations*100
318,2022-01-27 02:22:35,839,Battery*20
318,2022-01-27 02:22:35,827,Basic Training Data*20
318,2022-01-27 02:22:35,803,Manpower*300
318,2022-01-27 02:22:35,804,Ammo*100
318,2022-01-27 02:22:35,830,Intermediate Training Data*20
318,2022-01-27 02:22:35,818,Enhancement Capsule*4
318,2022-01-27 02:22:35,919,Original Sample
318,2022-01-27 02:22:35,804,Ammo*100
318,2022-01-27 02:22:35,810,Parts*100
318,2022-01-27 02:22:35,879,Memory Fragment*20
318,2022-01-27 02:22:43,919,Original Sample
318,2022-01-27 02:22:45,829,Basic Training Data*40
318,2022-01-27 02:22:47,804,Ammo*100
318,2022-01-27 02:22:48,839,Battery*20
318,2022-01-27 02:22:50,817,Enhancement Capsule*3
318,2022-01-28 11:02:17,879,Memory Fragment*20
318,2022-01-28 11:02:17,839,Battery*20
318,2022-01-28 11:02:17,822,T-Doll Contract*1
318,2022-01-28 11:02:17,824,Quick Production*1
318,2022-01-28 11:02:17,824,Quick Production*1
318,2022-01-28 11:02:17,810,Parts*100
318,2022-01-28 11:02:17,825,Quick Repair*1
318,2022-01-28 11:02:17,803,Manpower*300
318,2022-01-28 11:02:17,811,Parts*200
318,2022-01-28 11:02:17,807,Rations*100
318,2022-01-28 11:02:26,808,Rations*200
318,2022-01-28 11:02:26,919,Original Sample
318,2022-01-28 11:02:26,832,Intermediate Training Data*40
318,2022-01-28 11:02:26,840,Battery*30
318,2022-01-28 11:02:26,802,Manpower*200
318,2022-01-28 11:02:26,921,Quick Analysis Contract
318,2022-01-28 11:02:26,811,Parts*200
318,2022-01-28 11:02:26,816,Enhancement Capsule*2
318,2022-01-28 11:02:26,808,Rations*200
318,2022-01-28 11:02:26,810,Parts*100
318,2022-01-28 11:02:33,839,Battery*20
318,2022-01-28 11:02:33,801,Manpower*100
318,2022-01-28 11:02:33,804,Ammo*100
318,2022-01-28 11:02:33,839,Battery*20
318,2022-01-28 11:02:33,40285,prize-10040285
318,2022-01-28 11:02:33,40155,prize-10040155
318,2022-01-28 11:02:33,804,Ammo*100
318,2022-01-28 11:02:33,825,Quick Repair*1
318,2022-01-28 11:02:33,828,Basic Training Data*30
318,2022-01-28 11:02:33,920,Pure Sample
318,2022-01-28 11:02:41,817,Enhancement Capsule*3
318,2022-01-28 11:02:41,878,Memory Fragment*10
318,2022-01-28 11:02:41,819,Dummy Core*1
318,2022-01-28 11:02:41,804,Ammo*100
318,2022-01-28 11:02:41,830,Intermediate Training Data*20
318,2022-01-28 11:02:41,803,Manpower*300
318,2022-01-28 11:02:41,804,Ammo*100
318,2022-01-28 11:02:41,40285,prize-10040285
318,2022-01-28 11:02:41,824,Quick Production*1
318,2022-01-28 11:02:41,919,Original Sample
318,2022-01-28 11:02:48,804,Ammo*100
318,2022-01-28 11:02:48,810,Parts*100
318,2022-01-28 11:02:48,807,Rations*100
318,2022-01-28 11:02:48,879,Memory Fragment*20
318,2022-01-28 11:02:48,816,Enhancement Capsule*2
318,2022-01-28 11:02:48,804,Ammo*100
318,2022-01-28 11:02:48,804,Ammo*100
318,2022-01-28 11:02:48,811,Parts*200
318,2022-01-28 11:02:48,807,Rations*100
318,2022-01-28 11:02:48,801,Manpower*100
318,2022-01-28 11:02:55,878,Memory Fragment*10
318,2022-01-28 11:02:55,40155,prize-10040155
318,2022-01-28 11:02:55,816,Enhancement Capsule*2
318,2022-01-28 11:02:55,825,Quick Repair*1
318,2022-01-28 11:02:55,827,Basic Training Data*20
318,2022-01-28 11:02:55,840,Battery*30
318,2022-01-28 11:02:55,919,Original Sample
318,2022-01-28 11:02:55,808,Rations*200
318,2022-01-28 11:02:55,810,Parts*100
318,2022-01-28 11:02:55,811,Parts*200
318,2022-01-28 11:03:02,807,Rations*100
318,2022-01-28 11:03:02,40154,prize-10040154
318,2022-01-28 11:03:02,820,Dummy Core*2
318,2022-01-28 11:03:02,822,T-Doll Contract*1
318,2022-01-28 11:03:02,40285,prize-10040285
318,2022-01-28 11:03:02,920,Pure Sample
318,2022-01-28 11:03:02,40154,prize-10040154
318,2022-01-28 11:03:02,815,Token*4
318,2022-01-28 11:03:02,841,Battery*40
318,2022-01-28 11:03:02,831,Intermediate Training Data*30
318,2022-01-28 11:03:35,808,Rations*200
318,2022-01-28 11:03:37,805,Ammo*200
318,2022-01-28 11:03:38,804,Ammo*100
318,2022-01-28 11:03:40,822,T-Doll Contract*1
318,2022-01-28 11:03:42,811,Parts*200
318,2022-01-29 13:40:19,830,Intermediate Training Data*20
318,2022-01-29 13:40:19,801,Manpower*100
318,2022-01-29 13:40:19,803,Manpower*300
318,2022-01-29 13:40:19,827,Basic Training Data*20
318,2022-01-29 13:40:19,818,Enhancement Capsule*4
318,2022-01-29 13:40:19,878,Memory Fragment*10
318,2022-01-29 13:40:19,801,Manpower*100
318,2022-01-29 13:40:19,878,Memory Fragment*10
318,2022-01-29 13:40:19,835,Advanced Training Data*40
318,2022-01-29 13:40:19,807,Rations*100
318,2022-01-29 13:40:25,801,Manpower*100
318,2022-01-29 13:40:25,801,Manpower*100
318,2022-01-29 13:40:25,817,Enhancement Capsule*3
318,2022-01-29 13:40:25,804,Ammo*100
318,2022-01-29 13:40:25,804,Ammo*100
318,2022-01-29 13:40:25,810,Parts*100
318,2022-01-29 13:40:25,878,Memory Fragment*10
318,2022-01-29 13:40:25,825,Quick Repair*1
318,2022-01-29 13:40:25,801,Manpower*100
318,2022-01-29 13:40:25,807,Rations*100
318,2022-01-29 13:40:32,829,Basic Training Data*40
318,2022-01-29 13:40:32,808,Rations*200
318,2022-01-29 13:40:32,810,Parts*100
318,2022-01-29 13:40:32,818,Enhancement Capsule*4
318,2022-01-29 13:40:32,828,Basic Training Data*30
318,2022-01-29 13:40:32,878,Memory Fragment*10
318,2022-01-29 13:40:32,805,Ammo*200
318,2022-01-29 13:40:32,802,Manpower*200
318,2022-01-29 13:40:32,821,Dummy Core*3
318,2022-01-29 13:40:32,816,Enhancement Capsule*2
318,2022-01-29 13:40:34,832,Intermediate Training Data*40
318,2022-01-29 13:40:34,810,Parts*100
318,2022-01-29 13:40:34,820,Dummy Core*2
318,2022-01-29 13:40:34,817,Enhancement Capsule*3
318,2022-01-29 13:40:34,920,Pure Sample
318,2022-01-29 13:40:34,808,Rations*200
318,2022-01-29 13:40:34,878,Memory Fragment*10
318,2022-01-29 13:40:34,40154,prize-10040154
318,2022-01-29 13:40:34,836,Calibration Ticket*10
318,2022-01-29 13:40:34,40286,prize-10040286
318,2022-01-29 13:40:36,920,Pure Sample
318,2022-01-29 13:40:36,812,Parts*300
318,2022-01-29 13:40:36,841,Battery*40
318,2022-01-29 13:40:36,825,Quick Repair*1
318,2022-01-29 13:40:36,804,Ammo*100
318,2022-01-29 13:40:36,823,Equipment Contract*1
318,2022-01-29 13:40:36,825,Quick Repair*1
318,2022-01-29 13:40:36,818,Enhancement Capsule*4
318,2022-01-29 13:40:36,808,Rations*200
318,2022-01-29 13:40:36,803,Manpower*300
318,2022-01-29 13:40:38,825,Quick Repair*1
318,2022-01-29 13:40:38,40155,prize-10040155
318,2022-01-29 13:40:38,919,Original Sample
318,2022-01-29 13:40:38,828,Basic Training Data*30
318,2022-01-29 13:40:38,808,Rations*200
318,2022-01-29 13:40:38,818,Enhancement Capsule*4
318,2022-01-29 13:40:38,808,Rations*200
318,2022-01-29 13:40:38,839,Battery*20
318,2022-01-29 13:40:38,828,Basic Training Data*30
318,2022-01-29 13:40:38,808,Rations*200
318,2022-01-29 13:40:39,818,Enhancement Capsule*4
318,2022-01-29 13:40:39,830,Intermediate Training Data*20
318,2022-01-29 13:40:39,804,Ammo*100
318,2022-01-29 13:40:39,822,T-Doll Contract*1
318,2022-01-29 13:40:39,801,Manpower*100
318,2022-01-29 13:40:39,811,Parts*200
318,2022-01-29 13:40:39,811,Parts*200
318,2022-01-29 13:40:39,817,Enhancement Capsule*3
318,2022-01-29 13:40:39,804,Ammo*100
318,2022-01-29 13:40:39,810,Parts*100
318,2022-01-29 13:40:42,831,Intermediate Training Data*30
318,2022-01-29 13:40:43,839,Battery*20
318,2022-01-29 13:40:45,822,T-Doll Contract*1
318,2022-01-29 13:40:48,837,Calibration Ticket*20
318,2022-01-29 13:40:49,803,Manpower*300
318,2022-01-30 12:05:23,805,Ammo*200
318,2022-01-30 12:05:23,829,Basic Training Data*40
318,2022-01-30 12:05:23,801,Manpower*100
318,2022-01-30 12:05:23,801,Manpower*100
318,2022-01-30 12:05:23,816,Enhancement Capsule*2
318,2022-01-30 12:05:23,817,Enhancement Capsule*3
318,2022-01-30 12:05:23,810,Parts*100
318,2022-01-30 12:05:23,816,Enhancement Capsule*2
318,2022-01-30 12:05:23,40154,prize-10040154
318,2022-01-30 12:05:23,819,Dummy Core*1
318,2022-01-30 12:05:25,817,Enhancement Capsule*3
318,2022-01-30 12:05:25,805,Ammo*200
318,2022-01-30 12:05:25,804,Ammo*100
318,2022-01-30 12:05:25,40154,prize-10040154
318,2022-01-30 12:05:25,825,Quick Repair*1
318,2022-01-30 12:05:25,801,Manpower*100
318,2022-01-30 12:05:25,878,Memory Fragment*10
318,2022-01-30 12:05:25,919,Original Sample
318,2022-01-30 12:05:25,919,Original Sample
318,2022-01-30 12:05:25,811,Parts*200
318,2022-01-30 12:05:26,818,Enhancement Capsule*4
318,2022-01-30 12:05:26,811,Parts*200
318,2022-01-30 12:05:26,801,Manpower*100
318,2022-01-30 12:05:26,810,Parts*100
318,2022-01-30 12:05:26,825,Quick Repair*1
318,2022-01-30 12:05:26,827,Basic Training Data*20
318,2022-01-30 12:05:26,921,Quick Analysis Contract
318,2022-01-30 12:05:26,833,Advanced Training Data*20
318,2022-01-30 12:05:26,840,Battery*30
318,2022-01-30 12:05:26,830,Intermediate Training Data*20
318,2022-01-30 12:05:27,807,Rations*100
318,2022-01-30 12:05:27,831,Intermediate Training Data*30
318,2022-01-30 12:05:27,807,Rations*100
318,2022-01-30 12:05:27,827,Basic Training Data*20
318,2022-01-30 12:05:27,878,Memory Fragment*10
318,2022-01-30 12:05:27,804,Ammo*100
318,2022-01-30 12:05:27,836,Calibration Ticket*10
318,2022-01-30 12:05:27,825,Quick Repair*1
318,2022-01-30 12:05:27,816,Enhancement Capsule*2
318,2022-01-30 12:05:27,830,Intermediate Training Data*20
318,2022-01-30 12:05:28,834,Advanced Training Data*30
318,2022-01-30 12:05:28,824,Quick Production*1
318,2022-01-30 12:05:28,829,Basic Training Data*40
318,2022-01-30 12:05:28,804,Ammo*100
318,2022-01-30 12:05:28,817,Enhancement Capsule*3
318,2022-01-30 12:05:28,823,Equipment Contract*1
318,2022-01-30 12:05:28,830,Intermediate Training Data*20
318,2022-01-30 12:05:28,879,Memory Fragment*20
318,2022-01-30 12:05:28,831,Intermediate Training Data*30
318,2022-01-30 12:05:28,827,Basic Training Data*20
318,2022-01-30 12:05:29,801,Manpower*100
318,2022-01-30 12:05:29,801,Manpower*100
318,2022-01-30 12:05:29,804,Ammo*100
318,2022-01-30 12:05:29,839,Battery*20
318,2022-01-30 12:05:29,823,Equipment Contract*1
318,2022-01-30 12:05:29,804,Ammo*100
318,2022-01-30 12:05:29,825,Quick Repair*1
318,2022-01-30 12:05:29,817,Enhancement Capsule*3
318,2022-01-30 12:05:29,819,Dummy Core*1
318,2022-01-30 12:05:29,817,Enhancement Capsule*3
318,2022-01-30 12:05:30,825,Quick Repair*1
318,2022-01-30 12:05:30,921,Quick Analysis Contract
318,2022-01-30 12:05:30,878,Memory Fragment*10
318,2022-01-30 12:05:30,801,Manpower*100
318,2022-01-30 12:05:30,827,Basic Training Data*20
318,2022-01-30 12:05:30,878,Memory Fragment*10
318,2022-01-30 12:05:30,829,Basic Training Data*40
318,2022-01-30 12:05:30,816,Enhancement Capsule*2
318,2022-01-30 12:05:30,805,Ammo*200
318,2022-01-30 12:05:30,805,Ammo*200
318,2022-01-30 12:05:39,808,Rations*200
318,2022-01-30 12:05:41,919,Original Sample
318,2022-01-30 12:05:43,818,Enhancement Capsule*4
318,2022-01-30 12:05:44,827,Basic Training Data*20
318,2022-01-30 12:05:45,801,Manpower*100
318,2022-01-31 11:29:08,805,Ammo*200
318,2022-01-31 11:29:08,827,Basic Training Data*20
318,2022-01-31 11:29:08,816,Enhancement Capsule*2
318,2022-01-31 11:29:08,807,Rations*100
318,2022-01-31 11:29:08,825,Quick Repair*1
318,2022-01-31 11:29:08,807,Rations*100
318,2022-01-31 11:29:08,817,Enhancement Capsule*3
318,2022-01-31 11:29:08,827,Basic Training Data*20
318,2022-01-31 11:29:08,807,Rations*100
318,2022-01-31 11:29:08,817,Enhancement Capsule*3
318,2022-01-31 11:29:10,831,Intermediate Training Data*30
318,2022-01-31 11:29:10,40154,prize-10040154
318,2022-01-31 11:29:10,839,Battery*20
318,2022-01-31 11:29:10,829,Basic Training Data*40
318,2022-01-31 11:29:10,839,Battery*20
318,2022-01-31 11:29:10,811,Parts*200
318,2022-01-31 11:29:10,804,Ammo*100
318,2022-01-31 11:29:10,880,Memory Fragment*30
318,2022-01-31 11:29:10,807,Rations*100
318,2022-01-31 11:29:10,801,Manpower*100
318,2022-01-31 11:29:12,40155,prize-10040155
318,2022-01-31 11:29:12,804,Ammo*100
318,2022-01-31 11:29:12,807,Rations*100
318,2022-01-31 11:29:12,817,Enhancement Capsule*3
318,2022-01-31 11:29:12,810,Parts*100
318,2022-01-31 11:29:12,816,Enhancement Capsule*2
318,2022-01-31 11:29:12,920,Pure Sample
318,2022-01-31 11:29:12,823,Equipment Contract*1
318,2022-01-31 11:29:12,830,Intermediate Training Data*20
318,2022-01-31 11:29:12,816,Enhancement Capsule*2
318,2022-01-31 11:29:13,825,Quick Repair*1
318,2022-01-31 11:29:13,838,Calibration Ticket*30
318,2022-01-31 11:29:13,811,Parts*200
318,2022-01-31 11:29:13,818,Enhancement Capsule*4
318,2022-01-31 11:29:13,841,Battery*40
318,2022-01-31 11:29:13,841,Battery*40
318,2022-01-31 11:29:13,840,Battery*30
318,2022-01-31 11:29:13,830,Intermediate Training Data*20
318,2022-01-31 11:29:13,823,Equipment Contract*1
318,2022-01-31 11:29:13,811,Parts*200
318,2022-01-31 11:29:15,878,Memory Fragment*10
318,2022-01-31 11:29:15,816,Enhancement Capsule*2
318,2022-01-31 11:29:15,802,Manpower*200
318,2022-01-31 11:29:15,815,Token*4
318,2022-01-31 11:29:15,816,Enhancement Capsule*2
318,2022-01-31 11:29:15,822,T-Doll Contract*1
318,2022-01-31 11:29:15,801,Manpower*100
318,2022-01-31 11:29:15,920,Pure Sample
318,2022-01-31 11:29:15,805,Ammo*200
318,2022-01-31 11:29:15,40286,prize-10040286
318,2022-01-31 11:29:22,831,Intermediate Training Data*30
318,2022-01-31 11:29:22,825,Quick Repair*1
318,2022-01-31 11:29:22,802,Manpower*200
318,2022-01-31 11:29:22,805,Ammo*200
318,2022-01-31 11:29:22,806,Ammo*300
318,2022-01-31 11:29:22,808,Rations*200
318,2022-01-31 11:29:22,802,Manpower*200
318,2022-01-31 11:29:22,816,Enhancement Capsule*2
318,2022-01-31 11:29:22,805,Ammo*200
318,2022-01-31 11:29:22,828,Basic Training Data*30
318,2022-01-31 11:29:31,827,Basic Training Data*20
318,2022-01-31 11:29:31,810,Parts*100
318,2022-01-31 11:29:31,920,Pure Sample
318,2022-01-31 11:29:31,810,Parts*100
318,2022-01-31 11:29:31,803,Manpower*300
318,2022-01-31 11:29:31,811,Parts*200
318,2022-01-31 11:29:31,801,Manpower*100
318,2022-01-31 11:29:31,827,Basic Training Data*20
318,2022-01-31 11:29:31,823,Equipment Contract*1
318,2022-01-31 11:29:31,824,Quick Production*1
318,2022-01-31 11:29:38,840,Battery*30
318,2022-01-31 11:29:40,806,Ammo*300
318,2022-01-31 11:29:41,40155,prize-10040155
318,2022-01-31 11:29:43,810,Parts*100
318,2022-01-31 11:29:44,878,Memory Fragment*10
318,2022-02-01 11:40:34,919,Original Sample
318,2022-02-01 11:40:34,829,Basic Training Data*40
318,2022-02-01 11:40:34,810,Parts*100
318,2022-02-01 11:40:34,807,Rations*100
318,2022-02-01 11:40:34,878,Memory Fragment*10
318,2022-02-01 11:40:34,805,Ammo*200
318,2022-02-01 11:40:34,804,Ammo*100
318,2022-02-01 11:40:34,840,Battery*30
318,2022-02-01 11:40:34,828,Basic Training Data*30
318,2022-02-01 11:40:34,817,Enhancement Capsule*3
318,2022-02-01 11:40:41,807,Rations*100
318,2022-02-01 11:40:41,40289,prize-10040289
318,2022-02-01 11:40:41,811,Parts*200
318,2022-02-01 11:40:41,830,Intermediate Training Data*20
318,2022-02-01 11:40:41,817,Enhancement Capsule*3
318,2022-02-01 11:40:41,829,Basic Training Data*40
318,2022-02-01 11:40:41,810,Parts*100
318,2022-02-01 11:40:41,919,Original Sample
318,2022-02-01 11:40:41,827,Basic Training Data*20
318,2022-02-01 11:40:41,40154,prize-10040154
318,2022-02-01 11:40:47,811,Parts*200
318,2022-02-01 11:40:47,825,Quick Repair*1
318,2022-02-01 11:40:47,807,Rations*100
318,2022-02-01 11:40:47,921,Quick Analysis Contract
318,2022-02-01 11:40:47,880,Memory Fragment*30
318,2022-02-01 11:40:47,804,Ammo*100
318,2022-02-01 11:40:47,801,Manpower*100
318,2022-02-01 11:40:47,816,Enhancement Capsule*2
318,2022-02-01 11:40:47,816,Enhancement Capsule*2
318,2022-02-01 11:40:47,831,Intermediate Training Data*30
318,2022-02-01 11:40:54,801,Manpower*100
318,2022-02-01 11:40:54,919,Original Sample
318,2022-02-01 11:40:54,804,Ammo*100
318,2022-02-01 11:40:54,921,Quick Analysis Contract
318,2022-02-01 11:40:54,878,Memory Fragment*10
318,2022-02-01 11:40:54,878,Memory Fragment*10
318,2022-02-01 11:40:54,804,Ammo*100
318,2022-02-01 11:40:54,815,Token*4
318,2022-02-01 11:40:54,805,Ammo*200
318,2022-02-01 11:40:54,839,Battery*20
318,2022-02-01 11:41:01,827,Basic Training Data*20
318,2022-02-01 11:41:01,919,Original Sample
318,2022-02-01 11:41:01,830,Intermediate Training Data*20
318,2022-02-01 11:41:01,813,Token*2
318,2022-02-01 11:41:01,878,Memory Fragment*10
318,2022-02-01 11:41:01,830,Intermediate Training Data*20
318,2022-02-01 11:41:01,837,Calibration Ticket*20
318,2022-02-01 11:41:01,878,Memory Fragment*10
318,2022-02-01 11:41:01,817,Enhancement Capsule*3
318,2022-02-01 11:41:01,804,Ammo*100
318,2022-02-01 11:41:07,824,Quick Production*1
318,2022-02-01 11:41:07,833,Advanced Training Data*20
318,2022-02-01 11:41:07,807,Rations*100
318,2022-02-01 11:41:07,921,Quick Analysis Contract
318,2022-02-01 11:41:07,805,Ammo*200
318,2022-02-01 11:41:07,825,Quick Repair*1
318,2022-02-01 11:41:07,819,Dummy Core*1
318,2022-02-01 11:41:07,827,Basic Training Data*20
318,2022-02-01 11:41:07,802,Manpower*200
318,2022-02-01 11:41:07,804,Ammo*100
318,2022-02-01 11:41:14,810,Parts*100
318,2022-02-01 11:41:14,818,Enhancement Capsule*4
318,2022-02-01 11:41:14,878,Memory Fragment*10
318,2022-02-01 11:41:14,801,Manpower*100
318,2022-02-01 11:41:14,810,Parts*100
318,2022-02-01 11:41:14,880,Memory Fragment*30
318,2022-02-01 11:41:14,810,Parts*100
318,2022-02-01 11:41:14,806,Ammo*300
318,2022-02-01 11:41:14,839,Battery*20
318,2022-02-01 11:41:14,836,Calibration Ticket*10
318,2022-02-01 11:41:20,879,Memory Fragment*20
318,2022-02-01 11:41:22,817,Enhancement Capsule*3
318,2022-02-01 11:41:24,920,Pure Sample
318,2022-02-01 11:41:26,829,Basic Training Data*40
318,2022-02-01 11:41:27,839,Battery*20
318,2022-02-02 19:19:08,804,Ammo*100
318,2022-02-02 19:19:08,817,Enhancement Capsule*3
318,2022-02-02 19:19:08,817,Enhancement Capsule*3
318,2022-02-02 19:19:08,807,Rations*100
318,2022-02-02 19:19:08,816,Enhancement Capsule*2
318,2022-02-02 19:19:08,810,Parts*100
318,2022-02-02 19:19:08,825,Quick Repair*1
318,2022-02-02 19:19:08,802,Manpower*200
318,2022-02-02 19:19:08,810,Parts*100
318,2022-02-02 19:19:08,920,Pure Sample
318,2022-02-02 19:19:09,816,Enhancement Capsule*2
318,2022-02-02 19:19:09,807,Rations*100
318,2022-02-02 19:19:09,40156,prize-10040156
318,2022-02-02 19:19:09,816,Enhancement Capsule*2
318,2022-02-02 19:19:09,827,Basic Training Data*20
318,2022-02-02 19:19:09,816,Enhancement Capsule*2
318,2022-02-02 19:19:09,817,Enhancement Capsule*3
318,2022-02-02 19:19:09,810,Parts*100
318,2022-02-02 19:19:09,810,Parts*100
318,2022-02-02 19:19:09,825,Quick Repair*1
318,2022-02-02 19:19:11,802,Manpower*200
318,2022-02-02 19:19:11,805,Ammo*200
318,2022-02-02 19:19:11,804,Ammo*100
318,2022-02-02 19:19:11,801,Manpower*100
318,2022-02-02 19:19:11,879,Memory Fragment*20
318,2022-02-02 19:19:11,40154,prize-10040154
318,2022-02-02 19:19:11,880,Memory Fragment*30
318,2022-02-02 19:19:11,879,Memory Fragment*20
318,2022-02-02 19:19:11,807,Rations*100
318,2022-02-02 19:19:11,40154,prize-10040154
318,2022-02-02 19:19:12,838,Calibration Ticket*30
318,2022-02-02 19:19:12,804,Ammo*100
318,2022-02-02 19:19:12,920,Pure Sample
318,2022-02-02 19:19:12,919,Original Sample
318,2022-02-02 19:19:12,816,Enhancement Capsule*2
318,2022-02-02 19:19:12,818,Enhancement Capsule*4
318,2022-02-02 19:19:12,840,Battery*30
318,2022-02-02 19:19:12,811,Parts*200
318,2022-02-02 19:19:12,801,Manpower*100
318,2022-02-02 19:19:12,816,Enhancement Capsule*2
318,2022-02-02 19:19:14,839,Battery*20
318,2022-02-02 19:19:14,813,Token*2
318,2022-02-02 19:19:14,823,Equipment Contract*1
318,2022-02-02 19:19:14,808,Rations*200
318,2022-02-02 19:19:14,838,Calibration Ticket*30
318,2022-02-02 19:19:14,807,Rations*100
318,2022-02-02 19:19:14,827,Basic Training Data*20
318,2022-02-02 19:19:14,825,Quick Repair*1
318,2022-02-02 19:19:14,828,Basic Training Data*30
318,2022-02-02 19:19:14,878,Memory Fragment*10
318,2022-02-02 19:19:15,878,Memory Fragment*10
318,2022-02-02 19:19:15,839,Battery*20
318,2022-02-02 19:19:15,811,Parts*200
318,2022-02-02 19:19:15,816,Enhancement Capsule*2
318,2022-02-02 19:19:15,825,Quick Repair*1
318,2022-02-02 19:19:15,836,Calibration Ticket*10
318,2022-02-02 19:19:15,807,Rations*100
318,2022-02-02 19:19:15,837,Calibration Ticket*20
318,2022-02-02 19:19:15,810,Parts*100
318,2022-02-02 19:19:15,825,Quick Repair*1
318,2022-02-02 19:19:17,879,Memory Fragment*20
318,2022-02-02 19:19:17,817,Enhancement Capsule*3
318,2022-02-02 19:19:17,831,Intermediate Training Data*30
318,2022-02-02 19:19:17,811,Parts*200
318,2022-02-02 19:19:17,804,Ammo*100
318,2022-02-02 19:19:17,919,Original Sample
318,2022-02-02 19:19:17,828,Basic Training Data*30
318,2022-02-02 19:19:17,841,Battery*40
318,2022-02-02 19:19:17,801,Manpower*100
318,2022-02-02 19:19:17,804,Ammo*100
318,2022-02-02 19:19:18,878,Memory Fragment*10
318,2022-02-02 19:19:20,829,Basic Training Data*40
318,2022-02-02 19:19:21,801,Manpower*100
318,2022-02-02 19:19:22,808,Rations*200
318,2022-02-02 19:19:24,802,Manpower*200
318,2022-02-03 11:19:56,802,Manpower*200
318,2022-02-03 11:19:56,819,Dummy Core*1
318,2022-02-03 11:19:56,920,Pure Sample
318,2022-02-03 11:19:56,801,Manpower*100
318,2022-02-03 11:19:56,817,Enhancement Capsule*3
318,2022-02-03 11:19:56,811,Parts*200
318,2022-02-03 11:19:56,919,Original Sample
318,2022-02-03 11:19:56,811,Parts*200
318,2022-02-03 11:19:56,830,Intermediate Training Data*20
318,2022-02-03 11:19:56,834,Advanced Training Data*30
318,2022-02-03 11:19:57,807,Rations*100
318,2022-02-03 11:19:57,919,Original Sample
318,2022-02-03 11:19:57,920,Pure Sample
318,2022-02-03 11:19:57,808,Rations*200
318,2022-02-03 11:19:57,803,Manpower*300
318,2022-02-03 11:19:57,879,Memory Fragment*20
318,2022-02-03 11:19:57,839,Battery*20
318,2022-02-03 11:19:57,808,Rations*200
318,2022-02-03 11:19:57,816,Enhancement Capsule*2
318,2022-02-03 11:19:57,808,Rations*200
318,2022-02-03 11:20:03,808,Rations*200
318,2022-02-03 11:20:03,804,Ammo*100
318,2022-02-03 11:20:03,830,Intermediate Training Data*20
318,2022-02-03 11:20:03,833,Advanced Training Data*20
318,2022-02-03 11:20:03,802,Manpower*200
318,2022-02-03 11:20:03,810,Parts*100
318,2022-02-03 11:20:03,826,Quick Training*1
318,2022-02-03 11:20:03,825,Quick Repair*1
318,2022-02-03 11:20:03,816,Enhancement Capsule*2
318,2022-02-03 11:20:03,816,Enhancement Capsule*2
318,2022-02-03 11:20:10,807,Rations*100
318,2022-02-03 11:20:10,830,Intermediate Training Data*20
318,2022-02-03 11:20:10,810,Parts*100
318,2022-02-03 11:20:10,810,Parts*100
318,2022-02-03 11:20:10,801,Manpower*100
318,2022-02-03 11:20:10,824,Quick Production*1
318,2022-02-03 11:20:10,839,Battery*20
318,2022-02-03 11:20:10,816,Enhancement Capsule*2
318,2022-02-03 11:20:10,810,Parts*100
318,2022-02-03 11:20:10,827,Basic Training Data*20
318,2022-02-03 11:20:16,816,Enhancement Capsule*2
318,2022-02-03 11:20:16,879,Memory Fragment*20
318,2022-02-03 11:20:16,807,Rations*100
318,2022-02-03 11:20:16,822,T-Doll Contract*1
318,2022-02-03 11:20:16,825,Quick Repair*1
318,2022-02-03 11:20:16,833,Advanced Training Data*20
318,2022-02-03 11:20:16,825,Quick Repair*1
318,2022-02-03 11:20:16,835,Advanced Training Data*40
318,2022-02-03 11:20:16,920,Pure Sample
318,2022-02-03 11:20:16,801,Manpower*100
318,2022-02-03 11:20:22,825,Quick Repair*1
318,2022-02-03 11:20:22,801,Manpower*100
318,2022-02-03 11:20:22,816,Enhancement Capsule*2
318,2022-02-03 11:20:22,807,Rations*100
318,2022-02-03 11:20:22,807,Rations*100
318,2022-02-03 11:20:22,801,Manpower*100
318,2022-02-03 11:20:22,823,Equipment Contract*1
318,2022-02-03 11:20:22,804,Ammo*100
318,2022-02-03 11:20:22,811,Parts*200
318,2022-02-03 11:20:22,810,Parts*100
318,2022-02-03 11:20:28,817,Enhancement Capsule*3
318,2022-02-03 11:20:28,839,Battery*20
318,2022-02-03 11:20:28,816,Enhancement Capsule*2
318,2022-02-03 11:20:28,827,Basic Training Data*20
318,2022-02-03 11:20:28,807,Rations*100
318,2022-02-03 11:20:28,811,Parts*200
318,2022-02-03 11:20:28,801,Manpower*100
318,2022-02-03 11:20:28,805,Ammo*200
318,2022-02-03 11:20:28,802,Manpower*200
318,2022-02-03 11:20:28,804,Ammo*100
318,2022-02-03 11:20:35,880,Memory Fragment*30
318,2022-02-03 11:20:37,880,Memory Fragment*30
318,2022-02-03 11:20:38,823,Equipment Contract*1
318,2022-02-03 11:20:40,830,Intermediate Training Data*20
318,2022-02-03 11:20:41,40287,prize-10040287
318,2022-02-04 02:10:05,834,Advanced Training Data*30
318,2022-02-04 02:10:05,811,Parts*200
318,2022-02-04 02:10:05,827,Basic Training Data*20
318,2022-02-04 02:10:05,834,Advanced Training Data*30
318,2022-02-04 02:10:05,821,Dummy Core*3
318,2022-02-04 02:10:05,829,Basic Training Data*40
318,2022-02-04 02:10:05,801,Manpower*100
318,2022-02-04 02:10:05,878,Memory Fragment*10
318,2022-02-04 02:10:05,807,Rations*100
318,2022-02-04 02:10:05,810,Parts*100
318,2022-02-04 02:10:06,838,Calibration Ticket*30
318,2022-02-04 02:10:06,803,Manpower*300
318,2022-02-04 02:10:06,808,Rations*200
318,2022-02-04 02:10:06,837,Calibration Ticket*20
318,2022-02-04 02:10:06,804,Ammo*100
318,2022-02-04 02:10:06,40287,prize-10040287
318,2022-02-04 02:10:06,827,Basic Training Data*20
318,2022-02-04 02:10:06,801,Manpower*100
318,2022-02-04 02:10:06,801,Manpower*100
318,2022-02-04 02:10:06,827,Basic Training Data*20
318,2022-02-04 02:10:08,825,Quick Repair*1
318,2022-02-04 02:10:08,40155,prize-10040155
318,2022-02-04 02:10:08,839,Battery*20
318,2022-02-04 02:10:08,810,Parts*100
318,2022-02-04 02:10:08,817,Enhancement Capsule*3
318,2022-02-04 02:10:08,830,Intermediate Training Data*20
318,2022-02-04 02:10:08,40288,prize-10040288
318,2022-02-04 02:10:08,804,Ammo*100
318,2022-02-04 02:10:08,804,Ammo*100
318,2022-02-04 02:10:08,811,Parts*200
318,2022-02-04 02:10:18,830,Intermediate Training Data*20
318,2022-02-04 02:10:20,810,Parts*100
318,2022-02-04 02:22:31,825,Quick Repair*1
318,2022-02-04 02:22:31,920,Pure Sample
318,2022-02-04 02:22:31,878,Memory Fragment*10
318,2022-02-04 02:22:31,878,Memory Fragment*10
318,2022-02-04 02:22:31,816,Enhancement Capsule*2
318,2022-02-04 02:22:31,816,Enhancement Capsule*2
318,2022-02-04 02:22:31,839,Battery*20
318,2022-02-04 02:22:31,817,Enhancement Capsule*3
318,2022-02-04 02:22:31,804,Ammo*100
318,2022-02-04 02:22:31,827,Basic Training Data*20
318,2022-02-04 02:22:37,919,Original Sample
318,2022-02-04 02:22:37,816,Enhancement Capsule*2
318,2022-02-04 02:22:37,823,Equipment Contract*1
318,2022-02-04 02:22:37,802,Manpower*200
318,2022-02-04 02:22:37,837,Calibration Ticket*20
318,2022-02-04 02:22:37,816,Enhancement Capsule*2
318,2022-02-04 02:22:37,807,Rations*100
318,2022-02-04 02:22:37,809,Rations*300
318,2022-02-04 02:22:37,880,Memory Fragment*30
318,2022-02-04 02:22:37,839,Battery*20
318,2022-02-04 02:22:44,921,Quick Analysis Contract
318,2022-02-04 02:22:44,879,Memory Fragment*20
318,2022-02-04 02:22:44,809,Rations*300
318,2022-02-04 02:22:44,921,Quick Analysis Contract
318,2022-02-04 02:22:44,807,Rations*100
318,2022-02-04 02:22:44,824,Quick Production*1
318,2022-02-04 02:22:44,920,Pure Sample
318,2022-02-04 02:22:44,878,Memory Fragment*10
318,2022-02-04 02:22:44,825,Quick Repair*1
318,2022-02-04 02:22:44,811,Parts*200
318,2022-02-04 02:22:50,839,Battery*20
318,2022-02-04 02:22:50,804,Ammo*100
318,2022-02-04 02:22:50,802,Manpower*200
318,2022-02-04 02:22:50,804,Ammo*100
318,2022-02-04 02:22:50,801,Manpower*100
318,2022-02-04 02:22:50,919,Original Sample
318,2022-02-04 02:22:50,827,Basic Training Data*20
318,2022-02-04 02:22:50,827,Basic Training Data*20
318,2022-02-04 02:22:50,838,Calibration Ticket*30
318,2022-02-04 02:22:50,812,Parts*300
318,2022-02-04 02:22:57,804,Ammo*100
318,2022-02-04 02:22:58,807,Rations*100
318,2022-02-04 02:23:00,804,Ammo*100
318,2022-02-05 11:22:55,820,Dummy Core*2
318,2022-02-05 11:22:55,827,Basic Training Data*20
318,2022-02-05 11:22:55,833,Advanced Training Data*20
318,2022-02-05 11:22:55,811,Parts*200
318,2022-02-05 11:22:55,816,Enhancement Capsule*2
318,2022-02-05 11:22:55,811,Parts*200
318,2022-02-05 11:22:55,808,Rations*200
318,2022-02-05 11:22:55,804,Ammo*100
318,2022-02-05 11:22:55,839,Battery*20
318,2022-02-05 11:22:55,920,Pure Sample
318,2022-02-05 11:23:02,878,Memory Fragment*10
318,2022-02-05 11:23:02,40286,prize-10040286
318,2022-02-05 11:23:02,804,Ammo*100
318,2022-02-05 11:23:02,804,Ammo*100
318,2022-02-05 11:23:02,804,Ammo*100
318,2022-02-05 11:23:02,802,Manpower*200
318,2022-02-05 11:23:02,810,Parts*100
318,2022-02-05 11:23:02,818,Enhancement Capsule*4
318,2022-02-05 11:23:02,816,Enhancement Capsule*2
318,2022-02-05 11:23:02,806,Ammo*300
318,2022-02-05 11:23:10,833,Advanced Training Data*20
318,2022-02-05 11:23:10,920,Pure Sample
318,2022-02-05 11:23:10,818,Enhancement Capsule*4
318,2022-02-05 11:23:10,802,Manpower*200
318,2022-02-05 11:23:10,825,Quick Repair*1
318,2022-02-05 11:23:10,819,Dummy Core*1
318,2022-02-05 11:23:10,801,Manpower*100
318,2022-02-05 11:23:10,811,Parts*200
318,2022-02-05 11:23:10,804,Ammo*100
318,2022-02-05 11:23:10,823,Equipment Contract*1
318,2022-02-05 11:23:17,810,Parts*100
318,2022-02-05 11:23:17,817,Enhancement Capsule*3
318,2022-02-05 11:23:17,812,Parts*300
318,2022-02-05 11:23:17,827,Basic Training Data*20
318,2022-02-05 11:23:17,40287,prize-10040287
318,2022-02-05 11:23:17,839,Battery*20
318,2022-02-05 11:23:17,920,Pure Sample
318,2022-02-05 11:23:17,829,Basic Training Data*40
318,2022-02-05 11:23:17,40154,prize-10040154
318,2022-02-05 11:23:17,810,Parts*100
318,2022-02-05 11:23:25,811,Parts*200
318,2022-02-05 11:23:25,830,Intermediate Training Data*20
318,2022-02-05 11:23:25,919,Original Sample
318,2022-02-05 11:23:25,801,Manpower*100
318,2022-02-05 11:23:25,827,Basic Training Data*20
318,2022-02-05 11:23:25,811,Parts*200
318,2022-02-05 11:23:25,919,Original Sample
318,2022-02-05 11:23:25,807,Rations*100
318,2022-02-05 11:23:25,840,Battery*30
318,2022-02-05 11:23:25,808,Rations*200
318,2022-02-05 11:23:31,804,Ammo*100
318,2022-02-05 11:23:31,810,Parts*100
318,2022-02-05 11:23:31,839,Battery*20
318,2022-02-05 11:23:31,802,Manpower*200
318,2022-02-05 11:23:31,807,Rations*100
318,2022-02-05 11:23:31,827,Basic Training Data*20
318,2022-02-05 11:23:31,827,Basic Training Data*20
318,2022-02-05 11:23:31,839,Battery*20
318,2022-02-05 11:23:31,810,Parts*100
318,2022-02-05 11:23:31,816,Enhancement Capsule*2
318,2022-02-05 11:23:38,803,Manpower*300
318,2022-02-05 11:23:38,920,Pure Sample
318,2022-02-05 11:23:38,801,Manpower*100
318,2022-02-05 11:23:38,816,Enhancement Capsule*2
318,2022-02-05 11:23:38,808,Rations*200
318,2022-02-05 11:23:38,810,Parts*100
318,2022-02-05 11:23:38,811,Parts*200
318,2022-02-05 11:23:38,878,Memory Fragment*10
318,2022-02-05 11:23:38,833,Advanced Training Data*20
318,2022-02-05 11:23:38,804,Ammo*100
318,2022-02-05 11:23:45,828,Basic Training Data*30
318,2022-02-05 11:23:47,825,Quick Repair*1
318,2022-02-05 11:23:49,816,Enhancement Capsule*2
318,2022-02-05 11:23:51,817,Enhancement Capsule*3
318,2022-02-05 11:23:53,919,Original Sample
318,2022-02-06 11:44:09,921,Quick Analysis Contract
318,2022-02-06 11:44:09,805,Ammo*200
318,2022-02-06 11:44:09,810,Parts*100
318,2022-02-06 11:44:09,835,Advanced Training Data*40
318,2022-02-06 11:44:09,816,Enhancement Capsule*2
318,2022-02-06 11:44:09,828,Basic Training Data*30
318,2022-02-06 11:44:09,816,Enhancement Capsule*2
318,2022-02-06 11:44:09,831,Intermediate Training Data*30
318,2022-02-06 11:44:09,919,Original Sample
318,2022-02-06 11:44:09,808,Rations*200
318,2022-02-06 11:44:17,816,Enhancement Capsule*2
318,2022-02-06 11:44:17,919,Original Sample
318,2022-02-06 11:44:17,809,Rations*300
318,2022-02-06 11:44:17,827,Basic Training Data*20
318,2022-02-06 11:44:17,828,Basic Training Data*30
318,2022-02-06 11:44:17,811,Parts*200
318,2022-02-06 11:44:17,809,Rations*300
318,2022-02-06 11:44:17,804,Ammo*100
318,2022-02-06 11:44:17,880,Memory Fragment*30
318,2022-02-06 11:44:17,819,Dummy Core*1
318,2022-02-06 11:44:23,817,Enhancement Capsule*3
318,2022-02-06 11:44:23,802,Manpower*200
318,2022-02-06 11:44:23,919,Original Sample
318,2022-02-06 11:44:23,827,Basic Training Data*20
318,2022-02-06 11:44:23,821,Dummy Core*3
318,2022-02-06 11:44:23,823,Equipment Contract*1
318,2022-02-06 11:44:23,807,Rations*100
318,2022-02-06 11:44:23,839,Battery*20
318,2022-02-06 11:44:23,822,T-Doll Contract*1
318,2022-02-06 11:44:23,803,Manpower*300
318,2022-02-06 11:44:31,840,Battery*30
318,2022-02-06 11:44:31,818,Enhancement Capsule*4
318,2022-02-06 11:44:31,817,Enhancement Capsule*3
318,2022-02-06 11:44:31,810,Parts*100
318,2022-02-06 11:44:31,808,Rations*200
318,2022-02-06 11:44:31,810,Parts*100
318,2022-02-06 11:44:31,818,Enhancement Capsule*4
318,2022-02-06 11:44:31,808,Rations*200
318,2022-02-06 11:44:31,827,Basic Training Data*20
318,2022-02-06 11:44:31,828,Basic Training Data*30
318,2022-02-06 11:44:37,823,Equipment Contract*1
318,2022-02-06 11:44:37,821,Dummy Core*3
318,2022-02-06 11:44:37,810,Parts*100
318,2022-02-06 11:44:37,833,Advanced Training Data*20
318,2022-02-06 11:44:37,811,Parts*200
318,2022-02-06 11:44:37,824,Quick Production*1
318,2022-02-06 11:44:37,822,T-Doll Contract*1
318,2022-02-06 11:44:37,835,Advanced Training Data*40
318,2022-02-06 11:44:37,831,Intermediate Training Data*30
318,2022-02-06 11:44:37,878,Memory Fragment*10
318,2022-02-06 11:44:43,824,Quick Production*1
318,2022-02-06 11:44:43,840,Battery*30
318,2022-02-06 11:44:43,804,Ammo*100
318,2022-02-06 11:44:43,40155,prize-10040155
318,2022-02-06 11:44:43,804,Ammo*100
318,2022-02-06 11:44:43,817,Enhancement Capsule*3
318,2022-02-06 11:44:43,808,Rations*200
318,2022-02-06 11:44:43,838,Calibration Ticket*30
318,2022-02-06 11:44:43,810,Parts*100
318,2022-02-06 11:44:43,878,Memory Fragment*10
318,2022-02-06 11:44:49,808,Rations*200
318,2022-02-06 11:44:49,40156,prize-10040156
318,2022-02-06 11:44:49,804,Ammo*100
318,2022-02-06 11:44:49,837,Calibration Ticket*20
318,2022-02-06 11:44:49,830,Intermediate Training Data*20
318,2022-02-06 11:44:49,818,Enhancement Capsule*4
318,2022-02-06 11:44:49,879,Memory Fragment*20
318,2022-02-06 11:44:49,816,Enhancement Capsule*2
318,2022-02-06 11:44:49,811,Parts*200
318,2022-02-06 11:44:49,817,Enhancement Capsule*3
318,2022-02-06 11:44:56,816,Enhancement Capsule*2
318,2022-02-06 11:44:58,804,Ammo*100
318,2022-02-06 11:44:59,804,Ammo*100
318,2022-02-06 11:45:01,801,Manpower*100
318,2022-02-06 11:45:02,816,Enhancement Capsule*2
318,2022-02-07 11:49:15,825,Quick Repair*1
318,2022-02-07 11:49:15,830,Intermediate Training Data*20
318,2022-02-07 11:49:15,807,Rations*100
318,2022-02-07 11:49:15,811,Parts*200
318,2022-02-07 11:49:15,813,Token*2
318,2022-02-07 11:49:15,811,Parts*200
318,2022-02-07 11:49:15,805,Ammo*200
318,2022-02-07 11:49:15,801,Manpower*100
318,2022-02-07 11:49:15,828,Basic Training Data*30
318,2022-02-07 11:49:15,810,Parts*100
318,2022-02-07 11:49:22,801,Manpower*100
318,2022-02-07 11:49:22,807,Rations*100
318,2022-02-07 11:49:22,807,Rations*100
318,2022-02-07 11:49:22,810,Parts*100
318,2022-02-07 11:49:22,818,Enhancement Capsule*4
318,2022-02-07 11:49:22,834,Advanced Training Data*30
318,2022-02-07 11:49:22,841,Battery*40
318,2022-02-07 11:49:22,833,Advanced Training Data*20
318,2022-02-07 11:49:22,807,Rations*100
318,2022-02-07 11:49:22,814,Token*3
318,2022-02-07 11:49:28,809,Rations*300
318,2022-02-07 11:49:28,919,Original Sample
318,2022-02-07 11:49:28,878,Memory Fragment*10
318,2022-02-07 11:49:28,810,Parts*100
318,2022-02-07 11:49:28,40289,prize-10040289
318,2022-02-07 11:49:28,834,Advanced Training Data*30
318,2022-02-07 11:49:28,828,Basic Training Data*30
318,2022-02-07 11:49:28,807,Rations*100
318,2022-02-07 11:49:28,801,Manpower*100
318,2022-02-07 11:49:28,816,Enhancement Capsule*2
318,2022-02-07 11:49:35,807,Rations*100
318,2022-02-07 11:49:35,809,Rations*300
318,2022-02-07 11:49:35,807,Rations*100
318,2022-02-07 11:49:35,807,Rations*100
318,2022-02-07 11:49:35,835,Advanced Training Data*40
318,2022-02-07 11:49:35,828,Basic Training Data*30
318,2022-02-07 11:49:35,810,Parts*100
318,2022-02-07 11:49:35,831,Intermediate Training Data*30
318,2022-02-07 11:49:35,825,Quick Repair*1
318,2022-02-07 11:49:35,840,Battery*30
318,2022-02-07 11:49:45,920,Pure Sample
318,2022-02-07 11:49:45,824,Quick Production*1
318,2022-02-07 11:49:45,807,Rations*100
318,2022-02-07 11:49:45,820,Dummy Core*2
318,2022-02-07 11:49:45,839,Battery*20
318,2022-02-07 11:49:45,807,Rations*100
318,2022-02-07 11:49:45,808,Rations*200
318,2022-02-07 11:49:45,833,Advanced Training Data*20
318,2022-02-07 11:49:45,823,Equipment Contract*1
318,2022-02-07 11:49:45,801,Manpower*100
318,2022-02-07 11:49:52,818,Enhancement Capsule*4
318,2022-02-07 11:49:52,817,Enhancement Capsule*3
318,2022-02-07 11:49:52,840,Battery*30
318,2022-02-07 11:49:52,808,Rations*200
318,2022-02-07 11:49:52,810,Parts*100
318,2022-02-07 11:49:52,825,Quick Repair*1
318,2022-02-07 11:49:52,817,Enhancement Capsule*3
318,2022-02-07 11:49:52,878,Memory Fragment*10
318,2022-02-07 11:49:52,921,Quick Analysis Contract
318,2022-02-07 11:49:52,810,Parts*100
318,2022-02-07 11:49:58,817,Enhancement Capsule*3
318,2022-02-07 11:49:58,818,Enhancement Capsule*4
318,2022-02-07 11:49:58,816,Enhancement Capsule*2
318,2022-02-07 11:49:58,807,Rations*100
318,2022-02-07 11:49:58,827,Basic Training Data*20
318,2022-02-07 11:49:58,817,Enhancement Capsule*3
318,2022-02-07 11:49:58,804,Ammo*100
318,2022-02-07 11:49:58,802,Manpower*200
318,2022-02-07 11:49:58,832,Intermediate Training Data*40
318,2022-02-07 11:49:58,802,Manpower*200
318,2022-02-07 11:50:04,40154,prize-10040154
318,2022-02-07 11:50:05,801,Manpower*100
318,2022-02-07 11:50:06,829,Basic Training Data*40
318,2022-02-07 11:50:08,804,Ammo*100
318,2022-02-07 11:50:09,831,Intermediate Training Data*30
318,2022-02-08 11:17:30,919,Original Sample
318,2022-02-08 11:17:30,816,Enhancement Capsule*2
318,2022-02-08 11:17:30,920,Pure Sample
318,2022-02-08 11:17:30,920,Pure Sample
318,2022-02-08 11:17:30,816,Enhancement Capsule*2
318,2022-02-08 11:17:30,810,Parts*100
318,2022-02-08 11:17:30,807,Rations*100
318,2022-02-08 11:17:30,801,Manpower*100
318,2022-02-08 11:17:30,920,Pure Sample
318,2022-02-08 11:17:30,839,Battery*20
318,2022-02-08 11:17:36,40155,prize-10040155
318,2022-02-08 11:17:36,807,Rations*100
318,2022-02-08 11:17:36,878,Memory Fragment*10
318,2022-02-08 11:17:36,828,Basic Training Data*30
318,2022-02-08 11:17:36,839,Battery*20
318,2022-02-08 11:17:36,803,Manpower*300
318,2022-02-08 11:17:36,878,Memory Fragment*10
318,2022-02-08 11:17:36,817,Enhancement Capsule*3
318,2022-02-08 11:17:36,802,Manpower*200
318,2022-02-08 11:17:36,804,Ammo*100
318,2022-02-08 11:17:43,803,Manpower*300
318,2022-02-08 11:17:43,808,Rations*200
318,2022-02-08 11:17:43,825,Quick Repair*1
318,2022-02-08 11:17:43,811,Parts*200
318,2022-02-08 11:17:43,827,Basic Training Data*20
318,2022-02-08 11:17:43,807,Rations*100
318,2022-02-08 11:17:43,816,Enhancement Capsule*2
318,2022-02-08 11:17:43,824,Quick Production*1
318,2022-02-08 11:17:43,811,Parts*200
318,2022-02-08 11:17:43,878,Memory Fragment*10
318,2022-02-08 11:17:49,825,Quick Repair*1
318,2022-02-08 11:17:49,830,Intermediate Training Data*20
318,2022-02-08 11:17:49,40289,prize-10040289
318,2022-02-08 11:17:49,920,Pure Sample
318,2022-02-08 11:17:49,801,Manpower*100
318,2022-02-08 11:17:49,807,Rations*100
318,2022-02-08 11:17:49,879,Memory Fragment*20
318,2022-02-08 11:17:49,811,Parts*200
318,2022-02-08 11:17:49,807,Rations*100
318,2022-02-08 11:17:49,804,Ammo*100
318,2022-02-08 11:17:56,827,Basic Training Data*20
318,2022-02-08 11:17:56,801,Manpower*100
318,2022-02-08 11:17:56,811,Parts*200
318,2022-02-08 11:17:56,920,Pure Sample
318,2022-02-08 11:17:56,817,Enhancement Capsule*3
318,2022-02-08 11:17:56,831,Intermediate Training Data*30
318,2022-02-08 11:17:56,919,Original Sample
318,2022-02-08 11:17:56,919,Original Sample
318,2022-02-08 11:17:56,816,Enhancement Capsule*2
318,2022-02-08 11:17:56,825,Quick Repair*1
318,2022-02-08 11:18:03,823,Equipment Contract*1
318,2022-02-08 11:18:03,804,Ammo*100
318,2022-02-08 11:18:03,803,Manpower*300
318,2022-02-08 11:18:03,839,Battery*20
318,2022-02-08 11:18:03,839,Battery*20
318,2022-02-08 11:18:03,839,Battery*20
318,2022-02-08 11:18:03,40289,prize-10040289
318,2022-02-08 11:18:03,839,Battery*20
318,2022-02-08 11:18:03,810,Parts*100
318,2022-02-08 11:18:03,808,Rations*200
318,2022-02-08 11:18:10,807,Rations*100
318,2022-02-08 11:18:10,832,Intermediate Training Data*40
318,2022-02-08 11:18:10,812,Parts*300
318,2022-02-08 11:18:10,801,Manpower*100
318,2022-02-08 11:18:10,816,Enhancement Capsule*2
318,2022-02-08 11:18:10,824,Quick Production*1
318,2022-02-08 11:18:10,807,Rations*100
318,2022-02-08 11:18:10,811,Parts*200
318,2022-02-08 11:18:10,837,Calibration Ticket*20
318,2022-02-08 11:18:10,816,Enhancement Capsule*2
318,2022-02-08 11:18:17,834,Advanced Training Data*30
318,2022-02-08 11:18:19,817,Enhancement Capsule*3
318,2022-02-08 11:18:20,833,Advanced Training Data*20
318,2022-02-08 11:18:22,810,Parts*100
318,2022-02-08 11:18:24,831,Intermediate Training Data*30
318,2022-02-09 10:44:56,810,Parts*100
318,2022-02-09 10:44:56,811,Parts*200
318,2022-02-09 10:44:56,808,Rations*200
318,2022-02-09 10:44:56,801,Manpower*100
318,2022-02-09 10:44:56,830,Intermediate Training Data*20
318,2022-02-09 10:44:56,811,Parts*200
318,2022-02-09 10:44:56,804,Ammo*100
318,2022-02-09 10:44:56,838,Calibration Ticket*30
318,2022-02-09 10:44:56,807,Rations*100
318,2022-02-09 10:44:56,830,Intermediate Training Data*20
318,2022-02-09 10:45:03,919,Original Sample
318,2022-02-09 10:45:03,827,Basic Training Data*20
318,2022-02-09 10:45:03,809,Rations*300
318,2022-02-09 10:45:03,827,Basic Training Data*20
318,2022-02-09 10:45:03,804,Ammo*100
318,2022-02-09 10:45:03,838,Calibration Ticket*30
318,2022-02-09 10:45:03,810,Parts*100
318,2022-02-09 10:45:03,801,Manpower*100
318,2022-02-09 10:45:03,837,Calibration Ticket*20
318,2022-02-09 10:45:03,919,Original Sample
318,2022-02-09 10:45:09,801,Manpower*100
318,2022-02-09 10:45:09,40154,prize-10040154
318,2022-02-09 10:45:09,810,Parts*100
318,2022-02-09 10:45:09,827,Basic Training Data*20
318,2022-02-09 10:45:09,40154,prize-10040154
318,2022-02-09 10:45:09,806,Ammo*300
318,2022-02-09 10:45:09,807,Rations*100
318,2022-02-09 10:45:09,801,Manpower*100
318,2022-02-09 10:45:09,828,Basic Training Data*30
318,2022-02-09 10:45:09,841,Battery*40
318,2022-02-09 10:45:15,822,T-Doll Contract*1
318,2022-02-09 10:45:15,827,Basic Training Data*20
318,2022-02-09 10:45:15,828,Basic Training Data*30
318,2022-02-09 10:45:15,809,Rations*300
318,2022-02-09 10:45:15,805,Ammo*200
318,2022-02-09 10:45:15,810,Parts*100
318,2022-02-09 10:45:15,816,Enhancement Capsule*2
318,2022-02-09 10:45:15,804,Ammo*100
318,2022-02-09 10:45:15,878,Memory Fragment*10
318,2022-02-09 10:45:15,919,Original Sample
318,2022-02-09 10:45:24,837,Calibration Ticket*20
318,2022-02-09 10:45:24,837,Calibration Ticket*20
318,2022-02-09 10:45:24,822,T-Doll Contract*1
318,2022-02-09 10:45:24,807,Rations*100
318,2022-02-09 10:45:24,831,Intermediate Training Data*30
318,2022-02-09 10:45:24,825,Quick Repair*1
318,2022-02-09 10:45:24,811,Parts*200
318,2022-02-09 10:45:24,830,Intermediate Training Data*20
318,2022-02-09 10:45:24,801,Manpower*100
318,2022-02-09 10:45:24,40286,prize-10040286
318,2022-02-09 10:45:31,820,Dummy Core*2
318,2022-02-09 10:45:31,920,Pure Sample
318,2022-02-09 10:45:31,827,Basic Training Data*20
318,2022-02-09 10:45:31,841,Battery*40
318,2022-02-09 10:45:31,811,Parts*200
318,2022-02-09 10:45:31,920,Pure Sample
318,2022-02-09 10:45:31,809,Rations*300
318,2022-02-09 10:45:31,804,Ammo*100
318,2022-02-09 10:45:31,819,Dummy Core*1
318,2022-02-09 10:45:31,802,Manpower*200
318,2022-02-09 10:45:38,801,Manpower*100
318,2022-02-09 10:45:38,817,Enhancement Capsule*3
318,2022-02-09 10:45:38,807,Rations*100
318,2022-02-09 10:45:38,801,Manpower*100
318,2022-02-09 10:45:38,839,Battery*20
318,2022-02-09 10:45:38,815,Token*4
318,2022-02-09 10:45:38,825,Quick Repair*1
318,2022-02-09 10:45:38,805,Ammo*200
318,2022-02-09 10:45:38,804,Ammo*100
318,2022-02-09 10:45:38,817,Enhancement Capsule*3
318,2022-02-09 10:45:45,802,Manpower*200
318,2022-02-09 10:45:48,822,T-Doll Contract*1
318,2022-02-09 10:45:49,815,Token*4
318,2022-02-09 10:45:52,803,Manpower*300
318,2022-02-09 10:45:54,802,Manpower*200
318,2022-02-10 09:57:39,825,Quick Repair*1
318,2022-02-10 09:57:39,878,Memory Fragment*10
318,2022-02-10 09:57:39,878,Memory Fragment*10
318,2022-02-10 09:57:39,801,Manpower*100
318,2022-02-10 09:57:39,807,Rations*100
318,2022-02-10 09:57:39,810,Parts*100
318,2022-02-10 09:57:39,813,Token*2
318,2022-02-10 09:57:39,832,Intermediate Training Data*40
318,2022-02-10 09:57:39,921,Quick Analysis Contract
318,2022-02-10 09:57:39,811,Parts*200
318,2022-02-10 09:57:45,807,Rations*100
318,2022-02-10 09:57:45,818,Enhancement Capsule*4
318,2022-02-10 09:57:45,816,Enhancement Capsule*2
318,2022-02-10 09:57:45,920,Pure Sample
318,2022-02-10 09:57:45,805,Ammo*200
318,2022-02-10 09:57:45,919,Original Sample
318,2022-02-10 09:57:45,835,Advanced Training Data*40
318,2022-02-10 09:57:45,828,Basic Training Data*30
318,2022-02-10 09:57:45,817,Enhancement Capsule*3
318,2022-02-10 09:57:45,810,Parts*100
318,2022-02-10 09:57:53,839,Battery*20
318,2022-02-10 09:57:53,818,Enhancement Capsule*4
318,2022-02-10 09:57:53,807,Rations*100
318,2022-02-10 09:57:53,841,Battery*40
318,2022-02-10 09:57:53,825,Quick Repair*1
318,2022-02-10 09:57:53,832,Intermediate Training Data*40
318,2022-02-10 09:57:53,801,Manpower*100
318,2022-02-10 09:57:53,811,Parts*200
318,2022-02-10 09:57:53,816,Enhancement Capsule*2
318,2022-02-10 09:57:53,878,Memory Fragment*10
318,2022-02-10 09:58:00,810,Parts*100
318,2022-02-10 09:58:00,815,Token*4
318,2022-02-10 09:58:00,921,Quick Analysis Contract
318,2022-02-10 09:58:00,839,Battery*20
318,2022-02-10 09:58:00,822,T-Doll Contract*1
318,2022-02-10 09:58:00,810,Parts*100
318,2022-02-10 09:58:00,810,Parts*100
318,2022-02-10 09:58:00,833,Advanced Training Data*20
318,2022-02-10 09:58:00,830,Intermediate Training Data*20
318,2022-02-10 09:58:00,803,Manpower*300
318,2022-02-10 09:58:07,807,Rations*100
318,2022-02-10 09:58:07,834,Advanced Training Data*30
318,2022-02-10 09:58:07,802,Manpower*200
318,2022-02-10 09:58:07,815,Token*4
318,2022-02-10 09:58:07,40287,prize-10040287
318,2022-02-10 09:58:07,816,Enhancement Capsule*2
318,2022-02-10 09:58:07,811,Parts*200
318,2022-02-10 09:58:07,840,Battery*30
318,2022-02-10 09:58:07,879,Memory Fragment*20
318,2022-02-10 09:58:07,812,Parts*300
318,2022-02-10 09:58:15,817,Enhancement Capsule*3
318,2022-02-10 09:58:15,839,Battery*20
318,2022-02-10 09:58:15,878,Memory Fragment*10
318,2022-02-10 09:58:15,807,Rations*100
318,2022-02-10 09:58:15,802,Manpower*200
318,2022-02-10 09:58:15,817,Enhancement Capsule*3
318,2022-02-10 09:58:15,817,Enhancement Capsule*3
318,2022-02-10 09:58:15,810,Parts*100
318,2022-02-10 09:58:15,878,Memory Fragment*10
318,2022-02-10 09:58:15,813,Token*2
318,2022-02-10 09:58:21,919,Original Sample
318,2022-02-10 09:58:21,801,Manpower*100
318,2022-02-10 09:58:21,40116,prize-10040116
318,2022-02-10 09:58:21,828,Basic Training Data*30
318,2022-02-10 09:58:21,825,Quick Repair*1
318,2022-02-10 09:58:21,841,Battery*40
318,2022-02-10 09:58:21,825,Quick Repair*1
318,2022-02-10 09:58:21,833,Advanced Training Data*20
318,2022-02-10 09:58:21,808,Rations*200
318,2022-02-10 09:58:21,801,Manpower*100
318,2022-02-10 09:58:31,920,Pure Sample
318,2022-02-10 09:58:33,813,Token*2
318,2022-02-10 09:58:34,878,Memory Fragment*10
318,2022-02-10 09:58:36,831,Intermediate Training Data*30
318,2022-02-10 09:58:37,829,Basic Training Data*40
318,2022-02-11 11:25:51,840,Battery*30
318,2022-02-11 11:25:51,825,Quick Repair*1
318,2022-02-11 11:25:51,816,Enhancement Capsule*2
318,2022-02-11 11:25:51,808,Rations*200
318,2022-02-11 11:25:51,804,Ammo*100
318,2022-02-11 11:25:51,810,Parts*100
318,2022-02-11 11:25:51,805,Ammo*200
318,2022-02-11 11:25:51,810,Parts*100
318,2022-02-11 11:25:51,825,Quick Repair*1
318,2022-02-11 11:25:51,817,Enhancement Capsule*3
318,2022-02-11 11:25:57,817,Enhancement Capsule*3
318,2022-02-11 11:25:57,817,Enhancement Capsule*3
318,2022-02-11 11:25:57,827,Basic Training Data*20
318,2022-02-11 11:25:57,823,Equipment Contract*1
318,2022-02-11 11:25:57,827,Basic Training Data*20
318,2022-02-11 11:25:57,920,Pure Sample
318,2022-02-11 11:25:57,919,Original Sample
318,2022-02-11 11:25:57,879,Memory Fragment*20
318,2022-02-11 11:25:57,40287,prize-10040287
318,2022-02-11 11:25:57,827,Basic Training Data*20
318,2022-02-11 11:26:04,807,Rations*100
318,2022-02-11 11:26:04,810,Parts*100
318,2022-02-11 11:26:04,803,Manpower*300
318,2022-02-11 11:26:04,839,Battery*20
318,2022-02-11 11:26:04,920,Pure Sample
318,2022-02-11 11:26:04,827,Basic Training Data*20
318,2022-02-11 11:26:04,833,Advanced Training Data*20
318,2022-02-11 11:26:04,807,Rations*100
318,2022-02-11 11:26:04,816,Enhancement Capsule*2
318,2022-02-11 11:26:04,824,Quick Production*1
318,2022-02-11 11:26:16,802,Manpower*200
318,2022-02-11 11:26:16,808,Rations*200
318,2022-02-11 11:26:16,816,Enhancement Capsule*2
318,2022-02-11 11:26:16,801,Manpower*100
318,2022-02-11 11:26:16,825,Quick Repair*1
318,2022-02-11 11:26:16,920,Pure Sample
318,2022-02-11 11:26:16,829,Basic Training Data*40
318,2022-02-11 11:26:16,808,Rations*200
318,2022-02-11 11:26:16,817,Enhancement Capsule*3
318,2022-02-11 11:26:16,921,Quick Analysis Contract
318,2022-02-11 11:26:23,802,Manpower*200
318,2022-02-11 11:26:23,825,Quick Repair*1
318,2022-02-11 11:26:23,40154,prize-10040154
318,2022-02-11 11:26:23,804,Ammo*100
318,2022-02-11 11:26:23,833,Advanced Training Data*20
318,2022-02-11 11:26:23,811,Parts*200
318,2022-02-11 11:26:23,802,Manpower*200
318,2022-02-11 11:26:23,817,Enhancement Capsule*3
318,2022-02-11 11:26:23,803,Manpower*300
318,2022-02-11 11:26:23,878,Memory Fragment*10
318,2022-02-11 11:26:29,812,Parts*300
318,2022-02-11 11:26:29,802,Manpower*200
318,2022-02-11 11:26:29,810,Parts*100
318,2022-02-11 11:26:29,810,Parts*100
318,2022-02-11 11:26:29,802,Manpower*200
318,2022-02-11 11:26:29,801,Manpower*100
318,2022-02-11 11:26:29,816,Enhancement Capsule*2
318,2022-02-11 11:26:29,801,Manpower*100
318,2022-02-11 11:26:29,808,Rations*200
318,2022-02-11 11:26:29,830,Intermediate Training Data*20
318,2022-02-11 11:26:35,834,Advanced Training Data*30
318,2022-02-11 11:26:35,801,Manpower*100
318,2022-02-11 11:26:35,838,Calibration Ticket*30
318,2022-02-11 11:26:35,40155,prize-10040155
318,2022-02-11 11:26:35,807,Rations*100
318,2022-02-11 11:26:35,810,Parts*100
318,2022-02-11 11:26:35,801,Manpower*100
318,2022-02-11 11:26:35,807,Rations*100
318,2022-02-11 11:26:35,807,Rations*100
318,2022-02-11 11:26:35,810,Parts*100
318,2022-02-11 11:26:43,827,Basic Training Data*20
318,2022-02-11 11:26:45,810,Parts*100
318,2022-02-11 11:26:46,837,Calibration Ticket*20
318,2022-02-11 11:26:48,801,Manpower*100
318,2022-02-11 11:26:49,920,Pure Sample
